[ECMWF-INFO -ecprofile] /usr/bin/bash NON_INTERACTIVE on ac6-162 at 20260807_093406.745, PID: 4085193, JOBID: 39361165
[ECMWF-INFO -ecprofile] $SCRATCH=/ec/res4/scratch/paaa
[ECMWF-INFO -ecprofile] $PERM=/perm/paaa
[ECMWF-INFO -ecprofile] $HPCPERM=/ec/res4/hpcperm/paaa
[ECMWF-INFO -ecprofile] $TMPDIR=/etc/ecmwf/ssd/ssd1/tmpdirs/paaa.39361165
[ECMWF-INFO -ecprofile] $SCRATCHDIR=/ec/res4/scratchdir/paaa/5/39361165
base_dir: /scratch/paaa/IFS/HPB_tower
subdomain: HPB_tower
exp_id: iyw7
exp_name: ctrl_49r2b
exp_type: fc
levels: ml
ldiagflx: False
ldiagflx_49r2b: True
ldiagghg: False
levitrac: False
lbud23: False
lead_time: 0
grid: 0.2/0.2
year: 2022
stream: oper
single_day: False
area: 48.3/10.5/47.3/11.5
param_ml: 75/82/83/84/85/86/87/88/89/90/91/92/93/94/95/96/97/98/99/100/101/102/103/104/105/106/107/108/109/110/111/130/131/132/133/135/138/152/155/246/162100/162101/162104/162105/162106/162107/162109/210061/210062/210123/210181/217026
Find your raw data in /scratch/paaa/IFS/HPB_tower/iyw7
Model level selected
mars - WARN - 
mars - WARN - 
MIR environment variables:
MIR_CACHE_PATH=/lus/h2resw01/cache:{FILE?/ec/cache.1}/cache:{FILE?/ec/cache.2}/cache
MIR_LSM_NAMED=1km.climate.v013
Using MARS binary: /usr/local/apps/mars/versions/6.34.7.1/bin/mars.bin
mars - INFO   - 20260807.093411 - Welcome to MARS
mars - INFO   - 20260807.093411 - MARS_HOME=/usr/local/apps/mars/configs/prod
mars - INFO   - 20260807.093411 - MARS Client build stamp: 20260623091402
mars - INFO   - 20260807.093411 - MARS Client bundle version: 6.34.7.1
mars - INFO   - 20260807.093411 - package mars-client version: 6.34.7
mars - INFO   - 20260807.093411 - package mir version: 1.23.9
mars - INFO   - 20260807.093411 - package odc version: 1.6.3
mars - INFO   - 20260807.093411 - package fdb version: 5.21.4
mars - INFO   - 20260807.093411 - package metkit version: 1.18.3
mars - INFO   - 20260807.093411 - package eckit version: 2.0.8
mars - INFO   - 20260807.093411 - package eccodes version: 2.47.2
# First retrieve profiles
retrieve,
anoffset=9,
class=rd,
date=20220515,
expver=iyw7,
levelist=1/50/51/52/53/54/55/56/57/58/59/60/61/62/63/64/65/66/67/68/69/70/71/72/73/74/75/76/77/78/79/80/81/82/83/84/85/86/87/88/89/90/91/92/93/94/95/96/97/98/99/100/101/102/103/104/105/106/107/108/109/110/111/112/113/114/115/116/117/118/119/120/121/122/123/124/125/126/127/128/129/130/131/132/133/134/135/136/137,
levtype=ml,
param=75/82/83/84/85/86/87/88/89/90/91/92/93/94/95/96/97/98/99/100/101/102/103/104/105/106/107/108/109/110/111/130/131/132/133/135/138/152/155/246/162100/162101/162104/162105/162106/162107/162109/210061/210062/210123/210181/217026,
step=0/1/2/3/4/5/6/7/8/9/10/11/12,
stream=oper,
time=00:00:00,
type=fc,
grid=0.2/0.2,
area=48.3/10.5/47.3/11.5,
interpolation=grid-box-average,
target="mars_ml_ctrl_49r2b.grb"

mars - INFO   - 20260807.093411 - Processing request 1

RETRIEVE,
    CLASS      = RD,
    TYPE       = FC,
    STREAM     = OPER,
    EXPVER     = iyw7,
    REPRES     = SH,
    LEVTYPE    = ML,
    LEVELIST   = 1/50/51/52/53/54/55/56/57/58/59/60/61/62/63/64/65/66/67/68/69/70/71/72/73/74/75/76/77/78/79/80/81/82/83/84/85/86/87/88/89/90/91/92/93/94/95/96/97/98/99/100/101/102/103/104/105/106/107/108/109/110/111/112/113/114/115/116/117/118/119/120/121/122/123/124/125/126/127/128/129/130/131/132/133/134/135/136/137,
    PARAM      = 75/82/83/84/85/86/87/88/89/90/91/92/93/94/95/96/97/98/99/100/101/102/103/104/105/106/107/108/109/110/111/130/131/132/133/135/138/152/155/246/162100/162101/162104/162105/162106/162107/162109/210061/210062/210123/210181/217026,
    DATE       = 20220515,
    TIME       = 0000,
    STEP       = 0/1/2/3/4/5/6/7/8/9/10/11/12,
    DOMAIN     = G,
    TARGET     = "mars_ml_ctrl_49r2b.grb",
    RESOL      = AUTO,
    INTERPOLATION = GRID-BOX-AVERAGE,
    AREA       = 48.3/10.5/47.3/11.5,
    GRID       = 0.2/0.2

mars - INFO   - 20260807.093411 - Requesting 59020 fields
mars - INFO   - 20260807.093411 - FDB home /home/fdbprod
mars - INFO   - 20260807.093411 - Setting SO_SNDBUF to 33554432 (32.00 M)
mars - INFO   - 20260807.093411 - Current value is 32768 (32.00 K)
mars - INFO   - 20260807.093411 - Setting SO_RCVBUF to 33554432 (32.00 M)
mars - INFO   - 20260807.093411 - Current value is 43690 (42.67 K)
mars - INFO   - 20260807.093411 - Calling mars on 'marsrd-core', local port is 46911
mars - INFO   - 20260807.093411 - Callback at address 10.100.192.162, port 46911
mars - INFO   - 20260807.093411 - Mars client is on ac6-162.bullx (10.100.192.162) 46911
mars - INFO   - 20260807.093411 - Mars server is on 10.112.4.10 47557
mars - INFO   - 20260807.093411 - Server task is 3232 [marsrd]
mars - INFO   - 20260807.093411 - Request cost: 45,136 fields, 20.0817 Gbytes online, nodes: mvr000 [marsrd]
mars - INFO   - 20260807.093411 - The efficiency of your requests in the last 12 hours is 100% [marsrd]
mars - INFO   - 20260807.093411 - Wind conversion requested by server
mars - INFO   - 20260807.093412 - Transfering 21562538414 bytes
mars - INFO   - 20260807.093412 - ShToGridded: loading Legendre coefficients '/lus/h2resw01/cache/mir/legendre/4/local-T399-GaussianN400-OPT4189816c2e.leg'
mars - INFO   - 20260807.093413 - mmap count: 1 (+1), mmap size: 245.975 Mbytes (+245.975 Mbytes), mapped shared: 254.805 Mbytes (+245.977 Mbytes), malloc total: 66.3219 Mbytes (+32 bytes), malloc free: 4.41248 Mbytes (-32 bytes)Cache file /lus/h2resw01/cache/mir/weights/16/grid-box-average/3/F400-48.4572:10.125:47.108:11.7/LL-0.2x0.2-48.3:10.5:47.3:11.5-b1b4d9398dd8950c81c5c883b64203b2.mat does not exist
mars - INFO   - 20260807.093413 - Creating cache file /lus/h2resw01/cache/mir/weights/16/grid-box-average/3/F400-48.4572:10.125:47.108:11.7/LL-0.2x0.2-48.3:10.5:47.3:11.5-b1b4d9398dd8950c81c5c883b64203b2.mat
mars - INFO   - 20260807.093413 - CacheManager creating file /lus/h2resw01/cache/mir/weights/16/grid-box-average/3/F400-48.4572:10.125:47.108:11.7/LL-0.2x0.2-48.3:10.5:47.3:11.5-b1b4d9398dd8950c81c5c883b64203b2.mat
mars - INFO   - 20260807.093413 - Deriving U and V from vorticity and divergence
mars - WARN   - 20260807.094904 - Visiting database marsrd : expected 59020, got 47450
mars - INFO   - 20260807.094904 - 47450 fields have been interpolated on 'ac6-162.bullx'
mars - ERROR  - 20260807.094904 - Last error is -43
mars - ERROR  - 20260807.094904 - Expected 59020, got 47450.
mars - ERROR  - 20260807.094904 - Request failed
mars - INFO   - 20260807.094904 - Request time:  wall: 14 min 53 sec  cpu: 10 min 58 sec 
mars - INFO   - 20260807.094904 -   Read from network: 20.08 Gbyte(s) in 17 sec  [1.21 Gbyte/sec] 
mars - INFO   - 20260807.094904 -   Visiting marsrd: wall: 14 min 52 sec 
mars - INFO   - 20260807.094904 -   Post-processing: wall: 12 min 17 sec cpu: 8 min 24 sec 
mars - INFO   - 20260807.094904 -   Writing to target file: 64.00 Mbyte(s) in 1 sec  [57.47 Mbyte/sec] cpu: 1 sec 
mars - INFO   - 20260807.094904 - Memory used: 141.87 Mbyte(s)
mars - ERROR  - 20260807.094904 - Some errors reported (last error -1)
grib_to_netcdf: Version 2.47.0
grib_to_netcdf: Processing input file 'mars_ml_ctrl_49r2b.grb'.
grib_to_netcdf: Found 47450 GRIB fields in 1 file.
grib_to_netcdf: Ignoring key(s): method, type, stream, refdate, hdate
grib_to_netcdf: Creating netCDF file 'iyw7_ctrl_49r2b_ml_20220515_0.nc'
grib_to_netcdf: NetCDF library version: 4.10.0 of Apr  9 2026 13:13:33 $
grib_to_netcdf: Creating large (64 bit) file format.
grib_to_netcdf: Defining variable 'crwc'.
grib_to_netcdf: Defining variable 'p82'.
grib_to_netcdf: Defining variable 'p83'.
grib_to_netcdf: Defining variable 'p84'.
grib_to_netcdf: Defining variable 'p85'.
grib_to_netcdf: Defining variable 'p86'.
grib_to_netcdf: Defining variable 'p87'.
grib_to_netcdf: Defining variable 'p88'.
grib_to_netcdf: Defining variable 'p89'.
grib_to_netcdf: Defining variable 'p90'.
grib_to_netcdf: Defining variable 'p91'.
grib_to_netcdf: Defining variable 'p92'.
grib_to_netcdf: Defining variable 'p93'.
grib_to_netcdf: Defining variable 'p94'.
grib_to_netcdf: Defining variable 'p95'.
grib_to_netcdf: Defining variable 'p96'.
grib_to_netcdf: Defining variable 'p97'.
grib_to_netcdf: Defining variable 'p98'.
grib_to_netcdf: Defining variable 'p99'.
grib_to_netcdf: Defining variable 'p100'.
grib_to_netcdf: Defining variable 'p101'.
grib_to_netcdf: Defining variable 'p102'.
grib_to_netcdf: Defining variable 'p103'.
grib_to_netcdf: Defining variable 'p104'.
grib_to_netcdf: Defining variable 'p105'.
grib_to_netcdf: Defining variable 'p106'.
grib_to_netcdf: Defining variable 'p107'.
grib_to_netcdf: Defining variable 'p108'.
grib_to_netcdf: Defining variable 'p109'.
grib_to_netcdf: Defining variable 'p110'.
grib_to_netcdf: Defining variable 'p111'.
grib_to_netcdf: Defining variable 't'.
grib_to_netcdf: Defining variable 'q'.
grib_to_netcdf: Defining variable 'w'.
grib_to_netcdf: Defining variable 'vo'.
grib_to_netcdf: Defining variable 'lnsp'.
grib_to_netcdf: Defining variable 'd'.
grib_to_netcdf: Defining variable 'u'.
grib_to_netcdf: Defining variable 'v'.
grib_to_netcdf: Defining variable 'clwc'.
grib_to_netcdf: Defining variable 'co2'.
grib_to_netcdf: Defining variable 'ch4'.
grib_to_netcdf: Done.
Model level selected
mars - WARN - 
mars - WARN - 
MIR environment variables:
MIR_CACHE_PATH=/lus/h2resw01/cache:{FILE?/ec/cache.1}/cache:{FILE?/ec/cache.2}/cache
MIR_LSM_NAMED=1km.climate.v013
Using MARS binary: /usr/local/apps/mars/versions/6.34.7.1/bin/mars.bin
mars - INFO   - 20260807.095148 - Welcome to MARS
mars - INFO   - 20260807.095148 - MARS_HOME=/usr/local/apps/mars/configs/prod
mars - INFO   - 20260807.095148 - MARS Client build stamp: 20260623091402
mars - INFO   - 20260807.095148 - MARS Client bundle version: 6.34.7.1
mars - INFO   - 20260807.095148 - package mars-client version: 6.34.7
mars - INFO   - 20260807.095148 - package mir version: 1.23.9
mars - INFO   - 20260807.095148 - package odc version: 1.6.3
mars - INFO   - 20260807.095148 - package fdb version: 5.21.4
mars - INFO   - 20260807.095148 - package metkit version: 1.18.3
mars - INFO   - 20260807.095148 - package eckit version: 2.0.8
mars - INFO   - 20260807.095148 - package eccodes version: 2.47.2
# First retrieve profiles
retrieve,
anoffset=9,
class=rd,
date=20220515,
expver=iyw7,
levelist=1/50/51/52/53/54/55/56/57/58/59/60/61/62/63/64/65/66/67/68/69/70/71/72/73/74/75/76/77/78/79/80/81/82/83/84/85/86/87/88/89/90/91/92/93/94/95/96/97/98/99/100/101/102/103/104/105/106/107/108/109/110/111/112/113/114/115/116/117/118/119/120/121/122/123/124/125/126/127/128/129/130/131/132/133/134/135/136/137,
levtype=ml,
param=75/82/83/84/85/86/87/88/89/90/91/92/93/94/95/96/97/98/99/100/101/102/103/104/105/106/107/108/109/110/111/130/131/132/133/135/138/152/155/246/162100/162101/162104/162105/162106/162107/162109/210061/210062/210123/210181/217026,
step=12/13/14/15/16/17/18/19/20/21/22/23/24,
stream=oper,
time=00:00:00,
type=fc,
grid=0.2/0.2,
area=48.3/10.5/47.3/11.5,
interpolation=grid-box-average,
target="mars_ml_ctrl_49r2b.grb"

mars - INFO   - 20260807.095148 - Processing request 1

RETRIEVE,
    CLASS      = RD,
    TYPE       = FC,
    STREAM     = OPER,
    EXPVER     = iyw7,
    REPRES     = SH,
    LEVTYPE    = ML,
    LEVELIST   = 1/50/51/52/53/54/55/56/57/58/59/60/61/62/63/64/65/66/67/68/69/70/71/72/73/74/75/76/77/78/79/80/81/82/83/84/85/86/87/88/89/90/91/92/93/94/95/96/97/98/99/100/101/102/103/104/105/106/107/108/109/110/111/112/113/114/115/116/117/118/119/120/121/122/123/124/125/126/127/128/129/130/131/132/133/134/135/136/137,
    PARAM      = 75/82/83/84/85/86/87/88/89/90/91/92/93/94/95/96/97/98/99/100/101/102/103/104/105/106/107/108/109/110/111/130/131/132/133/135/138/152/155/246/162100/162101/162104/162105/162106/162107/162109/210061/210062/210123/210181/217026,
    DATE       = 20220515,
    TIME       = 0000,
    STEP       = 12/13/14/15/16/17/18/19/20/21/22/23/24,
    DOMAIN     = G,
    TARGET     = "mars_ml_ctrl_49r2b.grb",
    RESOL      = AUTO,
    INTERPOLATION = GRID-BOX-AVERAGE,
    AREA       = 48.3/10.5/47.3/11.5,
    GRID       = 0.2/0.2

mars - INFO   - 20260807.095148 - Requesting 59020 fields
mars - INFO   - 20260807.095148 - FDB home /home/fdbprod
mars - INFO   - 20260807.095149 - Setting SO_SNDBUF to 33554432 (32.00 M)
mars - INFO   - 20260807.095149 - Current value is 32768 (32.00 K)
mars - INFO   - 20260807.095149 - Setting SO_RCVBUF to 33554432 (32.00 M)
mars - INFO   - 20260807.095149 - Current value is 43690 (42.67 K)
mars - INFO   - 20260807.095149 - Calling mars on 'marsrd-core', local port is 58821
mars - INFO   - 20260807.095149 - Callback at address 10.100.192.162, port 58821
mars - INFO   - 20260807.095149 - Mars client is on ac6-162.bullx (10.100.192.162) 58821
mars - INFO   - 20260807.095149 - Mars server is on 10.112.4.10 52631
mars - INFO   - 20260807.095149 - Server task is 9308 [marsrd]
mars - INFO   - 20260807.095149 - Request cost: 45,136 fields, 22.2196 Gbytes online, nodes: mvr000 mvr005 [marsrd]
mars - INFO   - 20260807.095149 - The efficiency of your requests in the last 12 hours is 100% [marsrd]
mars - INFO   - 20260807.095149 - Wind conversion requested by server
mars - INFO   - 20260807.095149 - Transfering 23858073052 bytes
mars - INFO   - 20260807.095150 - ShToGridded: loading Legendre coefficients '/lus/h2resw01/cache/mir/legendre/4/local-T399-GaussianN400-OPT4189816c2e.leg'
mars - INFO   - 20260807.095151 - Deriving U and V from vorticity and divergence
mars - WARN   - 20260807.100257 - Visiting database marsrd : expected 59020, got 47450
mars - INFO   - 20260807.100257 - 47450 fields have been interpolated on 'ac6-162.bullx'
mars - ERROR  - 20260807.100257 - Last error is -43
mars - ERROR  - 20260807.100257 - Expected 59020, got 47450.
mars - ERROR  - 20260807.100257 - Request failed
mars - INFO   - 20260807.100257 - Request time:  wall: 11 min 9 sec  cpu: 11 min 1 sec 
mars - INFO   - 20260807.100257 -   Read from network: 22.22 Gbyte(s) in 19 sec  [1.19 Gbyte/sec] 
mars - INFO   - 20260807.100257 -   Visiting marsrd: wall: 11 min 8 sec 
mars - INFO   - 20260807.100257 -   Post-processing: wall: 8 min 32 sec cpu: 8 min 27 sec 
mars - INFO   - 20260807.100257 -   Writing to target file: 64.58 Mbyte(s) in 1 sec  [55.58 Mbyte/sec] cpu: 1 sec 
mars - INFO   - 20260807.100257 - Memory used: 140.93 Mbyte(s)
mars - ERROR  - 20260807.100257 - Some errors reported (last error -1)
grib_to_netcdf: Version 2.47.0
grib_to_netcdf: Processing input file 'mars_ml_ctrl_49r2b.grb'.
grib_to_netcdf: Found 47450 GRIB fields in 1 file.
grib_to_netcdf: Ignoring key(s): method, type, stream, refdate, hdate
grib_to_netcdf: Creating netCDF file 'iyw7_ctrl_49r2b_ml_20220515_12.nc'
grib_to_netcdf: NetCDF library version: 4.10.0 of Apr  9 2026 13:13:33 $
grib_to_netcdf: Creating large (64 bit) file format.
grib_to_netcdf: Defining variable 'crwc'.
grib_to_netcdf: Defining variable 'p82'.
grib_to_netcdf: Defining variable 'p83'.
grib_to_netcdf: Defining variable 'p84'.
grib_to_netcdf: Defining variable 'p85'.
grib_to_netcdf: Defining variable 'p86'.
grib_to_netcdf: Defining variable 'p87'.
grib_to_netcdf: Defining variable 'p88'.
grib_to_netcdf: Defining variable 'p89'.
grib_to_netcdf: Defining variable 'p90'.
grib_to_netcdf: Defining variable 'p91'.
grib_to_netcdf: Defining variable 'p92'.
grib_to_netcdf: Defining variable 'p93'.
grib_to_netcdf: Defining variable 'p94'.
grib_to_netcdf: Defining variable 'p95'.
grib_to_netcdf: Defining variable 'p96'.
grib_to_netcdf: Defining variable 'p97'.
grib_to_netcdf: Defining variable 'p98'.
grib_to_netcdf: Defining variable 'p99'.
grib_to_netcdf: Defining variable 'p100'.
grib_to_netcdf: Defining variable 'p101'.
grib_to_netcdf: Defining variable 'p102'.
grib_to_netcdf: Defining variable 'p103'.
grib_to_netcdf: Defining variable 'p104'.
grib_to_netcdf: Defining variable 'p105'.
grib_to_netcdf: Defining variable 'p106'.
grib_to_netcdf: Defining variable 'p107'.
grib_to_netcdf: Defining variable 'p108'.
grib_to_netcdf: Defining variable 'p109'.
grib_to_netcdf: Defining variable 'p110'.
grib_to_netcdf: Defining variable 'p111'.
grib_to_netcdf: Defining variable 't'.
grib_to_netcdf: Defining variable 'q'.
grib_to_netcdf: Defining variable 'w'.
grib_to_netcdf: Defining variable 'vo'.
grib_to_netcdf: Defining variable 'lnsp'.
grib_to_netcdf: Defining variable 'd'.
grib_to_netcdf: Defining variable 'u'.
grib_to_netcdf: Defining variable 'v'.
grib_to_netcdf: Defining variable 'clwc'.
grib_to_netcdf: Defining variable 'co2'.
grib_to_netcdf: Defining variable 'ch4'.
grib_to_netcdf: Done.
Model level selected
mars - WARN - 
mars - WARN - 
MIR environment variables:
MIR_CACHE_PATH=/lus/h2resw01/cache:{FILE?/ec/cache.1}/cache:{FILE?/ec/cache.2}/cache
MIR_LSM_NAMED=1km.climate.v013
Using MARS binary: /usr/local/apps/mars/versions/6.34.7.1/bin/mars.bin
mars - INFO   - 20260807.100537 - Welcome to MARS
mars - INFO   - 20260807.100537 - MARS_HOME=/usr/local/apps/mars/configs/prod
mars - INFO   - 20260807.100537 - MARS Client build stamp: 20260623091402
mars - INFO   - 20260807.100537 - MARS Client bundle version: 6.34.7.1
mars - INFO   - 20260807.100537 - package mars-client version: 6.34.7
mars - INFO   - 20260807.100537 - package mir version: 1.23.9
mars - INFO   - 20260807.100537 - package odc version: 1.6.3
mars - INFO   - 20260807.100537 - package fdb version: 5.21.4
mars - INFO   - 20260807.100537 - package metkit version: 1.18.3
mars - INFO   - 20260807.100537 - package eckit version: 2.0.8
mars - INFO   - 20260807.100537 - package eccodes version: 2.47.2
# First retrieve profiles
retrieve,
anoffset=9,
class=rd,
date=20220516,
expver=iyw7,
levelist=1/50/51/52/53/54/55/56/57/58/59/60/61/62/63/64/65/66/67/68/69/70/71/72/73/74/75/76/77/78/79/80/81/82/83/84/85/86/87/88/89/90/91/92/93/94/95/96/97/98/99/100/101/102/103/104/105/106/107/108/109/110/111/112/113/114/115/116/117/118/119/120/121/122/123/124/125/126/127/128/129/130/131/132/133/134/135/136/137,
levtype=ml,
param=75/82/83/84/85/86/87/88/89/90/91/92/93/94/95/96/97/98/99/100/101/102/103/104/105/106/107/108/109/110/111/130/131/132/133/135/138/152/155/246/162100/162101/162104/162105/162106/162107/162109/210061/210062/210123/210181/217026,
step=0/1/2/3/4/5/6/7/8/9/10/11/12,
stream=oper,
time=00:00:00,
type=fc,
grid=0.2/0.2,
area=48.3/10.5/47.3/11.5,
interpolation=grid-box-average,
target="mars_ml_ctrl_49r2b.grb"

mars - INFO   - 20260807.100537 - Processing request 1

RETRIEVE,
    CLASS      = RD,
    TYPE       = FC,
    STREAM     = OPER,
    EXPVER     = iyw7,
    REPRES     = SH,
    LEVTYPE    = ML,
    LEVELIST   = 1/50/51/52/53/54/55/56/57/58/59/60/61/62/63/64/65/66/67/68/69/70/71/72/73/74/75/76/77/78/79/80/81/82/83/84/85/86/87/88/89/90/91/92/93/94/95/96/97/98/99/100/101/102/103/104/105/106/107/108/109/110/111/112/113/114/115/116/117/118/119/120/121/122/123/124/125/126/127/128/129/130/131/132/133/134/135/136/137,
    PARAM      = 75/82/83/84/85/86/87/88/89/90/91/92/93/94/95/96/97/98/99/100/101/102/103/104/105/106/107/108/109/110/111/130/131/132/133/135/138/152/155/246/162100/162101/162104/162105/162106/162107/162109/210061/210062/210123/210181/217026,
    DATE       = 20220516,
    TIME       = 0000,
    STEP       = 0/1/2/3/4/5/6/7/8/9/10/11/12,
    DOMAIN     = G,
    TARGET     = "mars_ml_ctrl_49r2b.grb",
    RESOL      = AUTO,
    INTERPOLATION = GRID-BOX-AVERAGE,
    AREA       = 48.3/10.5/47.3/11.5,
    GRID       = 0.2/0.2

mars - INFO   - 20260807.100537 - Requesting 59020 fields
mars - INFO   - 20260807.100537 - FDB home /home/fdbprod
mars - INFO   - 20260807.100538 - Setting SO_SNDBUF to 33554432 (32.00 M)
mars - INFO   - 20260807.100538 - Current value is 32768 (32.00 K)
mars - INFO   - 20260807.100538 - Setting SO_RCVBUF to 33554432 (32.00 M)
mars - INFO   - 20260807.100538 - Current value is 43690 (42.67 K)
mars - INFO   - 20260807.100538 - Calling mars on 'marsrd-core', local port is 39687
mars - INFO   - 20260807.100538 - Callback at address 10.100.192.162, port 39687
mars - INFO   - 20260807.100538 - Mars client is on ac6-162.bullx (10.100.192.162) 39687
mars - INFO   - 20260807.100538 - Mars server is on 10.112.4.10 53015
mars - INFO   - 20260807.100538 - Server task is 998 [marsrd]
mars - INFO   - 20260807.100538 - Request cost: 45,136 fields, 20.265 Gbytes online, nodes: mvr012 [marsrd]
mars - INFO   - 20260807.100538 - The efficiency of your requests in the last 12 hours is 52% [marsrd]
mars - INFO   - 20260807.100538 - Wind conversion requested by server
mars - INFO   - 20260807.100538 - Transfering 21759402909 bytes
mars - INFO   - 20260807.100539 - ShToGridded: loading Legendre coefficients '/lus/h2resw01/cache/mir/legendre/4/local-T399-GaussianN400-OPT4189816c2e.leg'
mars - INFO   - 20260807.100539 - Deriving U and V from vorticity and divergence
mars - WARN   - 20260807.101643 - Visiting database marsrd : expected 59020, got 47450
mars - INFO   - 20260807.101643 - 47450 fields have been interpolated on 'ac6-162.bullx'
mars - ERROR  - 20260807.101643 - Last error is -43
mars - ERROR  - 20260807.101643 - Expected 59020, got 47450.
mars - ERROR  - 20260807.101643 - Request failed
mars - INFO   - 20260807.101643 - Request time:  wall: 11 min 6 sec  cpu: 10 min 45 sec 
mars - INFO   - 20260807.101643 -   Read from network: 20.27 Gbyte(s) in 17 sec  [1.18 Gbyte/sec] 
mars - INFO   - 20260807.101643 -   Visiting marsrd: wall: 11 min 6 sec 
mars - INFO   - 20260807.101643 -   Post-processing: wall: 8 min 31 sec cpu: 8 min 12 sec 
mars - INFO   - 20260807.101643 -   Writing to target file: 64.28 Mbyte(s) in 1 sec  [56.33 Mbyte/sec] cpu: 1 sec 
mars - INFO   - 20260807.101644 - Memory used: 141.21 Mbyte(s)
mars - ERROR  - 20260807.101644 - Some errors reported (last error -1)
grib_to_netcdf: Version 2.47.0
grib_to_netcdf: Processing input file 'mars_ml_ctrl_49r2b.grb'.
grib_to_netcdf: Found 47450 GRIB fields in 1 file.
grib_to_netcdf: Ignoring key(s): method, type, stream, refdate, hdate
grib_to_netcdf: Creating netCDF file 'iyw7_ctrl_49r2b_ml_20220516_0.nc'
grib_to_netcdf: NetCDF library version: 4.10.0 of Apr  9 2026 13:13:33 $
grib_to_netcdf: Creating large (64 bit) file format.
grib_to_netcdf: Defining variable 'crwc'.
grib_to_netcdf: Defining variable 'p82'.
grib_to_netcdf: Defining variable 'p83'.
grib_to_netcdf: Defining variable 'p84'.
grib_to_netcdf: Defining variable 'p85'.
grib_to_netcdf: Defining variable 'p86'.
grib_to_netcdf: Defining variable 'p87'.
grib_to_netcdf: Defining variable 'p88'.
grib_to_netcdf: Defining variable 'p89'.
grib_to_netcdf: Defining variable 'p90'.
grib_to_netcdf: Defining variable 'p91'.
grib_to_netcdf: Defining variable 'p92'.
grib_to_netcdf: Defining variable 'p93'.
grib_to_netcdf: Defining variable 'p94'.
grib_to_netcdf: Defining variable 'p95'.
grib_to_netcdf: Defining variable 'p96'.
grib_to_netcdf: Defining variable 'p97'.
grib_to_netcdf: Defining variable 'p98'.
grib_to_netcdf: Defining variable 'p99'.
grib_to_netcdf: Defining variable 'p100'.
grib_to_netcdf: Defining variable 'p101'.
grib_to_netcdf: Defining variable 'p102'.
grib_to_netcdf: Defining variable 'p103'.
grib_to_netcdf: Defining variable 'p104'.
grib_to_netcdf: Defining variable 'p105'.
grib_to_netcdf: Defining variable 'p106'.
grib_to_netcdf: Defining variable 'p107'.
grib_to_netcdf: Defining variable 'p108'.
grib_to_netcdf: Defining variable 'p109'.
grib_to_netcdf: Defining variable 'p110'.
grib_to_netcdf: Defining variable 'p111'.
grib_to_netcdf: Defining variable 't'.
grib_to_netcdf: Defining variable 'q'.
grib_to_netcdf: Defining variable 'w'.
grib_to_netcdf: Defining variable 'vo'.
grib_to_netcdf: Defining variable 'lnsp'.
grib_to_netcdf: Defining variable 'd'.
grib_to_netcdf: Defining variable 'u'.
grib_to_netcdf: Defining variable 'v'.
grib_to_netcdf: Defining variable 'clwc'.
grib_to_netcdf: Defining variable 'co2'.
grib_to_netcdf: Defining variable 'ch4'.
grib_to_netcdf: Done.
Model level selected
mars - WARN - 
mars - WARN - 
MIR environment variables:
MIR_CACHE_PATH=/lus/h2resw01/cache:{FILE?/ec/cache.1}/cache:{FILE?/ec/cache.2}/cache
MIR_LSM_NAMED=1km.climate.v013
Using MARS binary: /usr/local/apps/mars/versions/6.34.7.1/bin/mars.bin
mars - INFO   - 20260807.101925 - Welcome to MARS
mars - INFO   - 20260807.101925 - MARS_HOME=/usr/local/apps/mars/configs/prod
mars - INFO   - 20260807.101925 - MARS Client build stamp: 20260623091402
mars - INFO   - 20260807.101925 - MARS Client bundle version: 6.34.7.1
mars - INFO   - 20260807.101925 - package mars-client version: 6.34.7
mars - INFO   - 20260807.101925 - package mir version: 1.23.9
mars - INFO   - 20260807.101925 - package odc version: 1.6.3
mars - INFO   - 20260807.101925 - package fdb version: 5.21.4
mars - INFO   - 20260807.101925 - package metkit version: 1.18.3
mars - INFO   - 20260807.101925 - package eckit version: 2.0.8
mars - INFO   - 20260807.101925 - package eccodes version: 2.47.2
# First retrieve profiles
retrieve,
anoffset=9,
class=rd,
date=20220516,
expver=iyw7,
levelist=1/50/51/52/53/54/55/56/57/58/59/60/61/62/63/64/65/66/67/68/69/70/71/72/73/74/75/76/77/78/79/80/81/82/83/84/85/86/87/88/89/90/91/92/93/94/95/96/97/98/99/100/101/102/103/104/105/106/107/108/109/110/111/112/113/114/115/116/117/118/119/120/121/122/123/124/125/126/127/128/129/130/131/132/133/134/135/136/137,
levtype=ml,
param=75/82/83/84/85/86/87/88/89/90/91/92/93/94/95/96/97/98/99/100/101/102/103/104/105/106/107/108/109/110/111/130/131/132/133/135/138/152/155/246/162100/162101/162104/162105/162106/162107/162109/210061/210062/210123/210181/217026,
step=12/13/14/15/16/17/18/19/20/21/22/23/24,
stream=oper,
time=00:00:00,
type=fc,
grid=0.2/0.2,
area=48.3/10.5/47.3/11.5,
interpolation=grid-box-average,
target="mars_ml_ctrl_49r2b.grb"

mars - INFO   - 20260807.101925 - Processing request 1

RETRIEVE,
    CLASS      = RD,
    TYPE       = FC,
    STREAM     = OPER,
    EXPVER     = iyw7,
    REPRES     = SH,
    LEVTYPE    = ML,
    LEVELIST   = 1/50/51/52/53/54/55/56/57/58/59/60/61/62/63/64/65/66/67/68/69/70/71/72/73/74/75/76/77/78/79/80/81/82/83/84/85/86/87/88/89/90/91/92/93/94/95/96/97/98/99/100/101/102/103/104/105/106/107/108/109/110/111/112/113/114/115/116/117/118/119/120/121/122/123/124/125/126/127/128/129/130/131/132/133/134/135/136/137,
    PARAM      = 75/82/83/84/85/86/87/88/89/90/91/92/93/94/95/96/97/98/99/100/101/102/103/104/105/106/107/108/109/110/111/130/131/132/133/135/138/152/155/246/162100/162101/162104/162105/162106/162107/162109/210061/210062/210123/210181/217026,
    DATE       = 20220516,
    TIME       = 0000,
    STEP       = 12/13/14/15/16/17/18/19/20/21/22/23/24,
    DOMAIN     = G,
    TARGET     = "mars_ml_ctrl_49r2b.grb",
    RESOL      = AUTO,
    INTERPOLATION = GRID-BOX-AVERAGE,
    AREA       = 48.3/10.5/47.3/11.5,
    GRID       = 0.2/0.2

mars - INFO   - 20260807.101926 - Requesting 59020 fields
mars - INFO   - 20260807.101926 - FDB home /home/fdbprod
mars - INFO   - 20260807.101926 - Setting SO_SNDBUF to 33554432 (32.00 M)
mars - INFO   - 20260807.101926 - Current value is 32768 (32.00 K)
mars - INFO   - 20260807.101926 - Setting SO_RCVBUF to 33554432 (32.00 M)
mars - INFO   - 20260807.101926 - Current value is 43690 (42.67 K)
mars - INFO   - 20260807.101926 - Calling mars on 'marsrd-core', local port is 41779
mars - INFO   - 20260807.101926 - Callback at address 10.100.192.162, port 41779
mars - INFO   - 20260807.101926 - Mars client is on ac6-162.bullx (10.100.192.162) 41779
mars - INFO   - 20260807.101926 - Mars server is on 10.112.4.10 60099
mars - INFO   - 20260807.101926 - Server task is 2866 [marsrd]
mars - INFO   - 20260807.101926 - Request cost: 45,136 fields, 22.3334 Gbytes online, nodes: mvr000 mvr012 [marsrd]
mars - INFO   - 20260807.101926 - The efficiency of your requests in the last 12 hours is 52% [marsrd]
mars - INFO   - 20260807.101926 - Wind conversion requested by server
mars - INFO   - 20260807.101926 - Transfering 23980307026 bytes
mars - INFO   - 20260807.101927 - ShToGridded: loading Legendre coefficients '/lus/h2resw01/cache/mir/legendre/4/local-T399-GaussianN400-OPT4189816c2e.leg'
mars - INFO   - 20260807.101928 - Deriving U and V from vorticity and divergence
mars - WARN   - 20260807.103028 - Visiting database marsrd : expected 59020, got 47450
mars - INFO   - 20260807.103028 - 47450 fields have been interpolated on 'ac6-162.bullx'
mars - ERROR  - 20260807.103028 - Last error is -43
mars - ERROR  - 20260807.103028 - Expected 59020, got 47450.
mars - ERROR  - 20260807.103028 - Request failed
mars - INFO   - 20260807.103028 - Request time:  wall: 11 min 3 sec  cpu: 10 min 54 sec 
mars - INFO   - 20260807.103028 -   Read from network: 22.33 Gbyte(s) in 19 sec  [1.19 Gbyte/sec] 
mars - INFO   - 20260807.103028 -   Visiting marsrd: wall: 11 min 2 sec 
mars - INFO   - 20260807.103028 -   Post-processing: wall: 8 min 28 sec cpu: 8 min 22 sec 
mars - INFO   - 20260807.103028 -   Writing to target file: 64.65 Mbyte(s) in 1 sec  [54.36 Mbyte/sec] cpu: 1 sec 
mars - INFO   - 20260807.103028 - Memory used: 140.79 Mbyte(s)
mars - ERROR  - 20260807.103028 - Some errors reported (last error -1)
grib_to_netcdf: Version 2.47.0
grib_to_netcdf: Processing input file 'mars_ml_ctrl_49r2b.grb'.
grib_to_netcdf: Found 47450 GRIB fields in 1 file.
grib_to_netcdf: Ignoring key(s): method, type, stream, refdate, hdate
grib_to_netcdf: Creating netCDF file 'iyw7_ctrl_49r2b_ml_20220516_12.nc'
grib_to_netcdf: NetCDF library version: 4.10.0 of Apr  9 2026 13:13:33 $
grib_to_netcdf: Creating large (64 bit) file format.
grib_to_netcdf: Defining variable 'crwc'.
grib_to_netcdf: Defining variable 'p82'.
grib_to_netcdf: Defining variable 'p83'.
grib_to_netcdf: Defining variable 'p84'.
grib_to_netcdf: Defining variable 'p85'.
grib_to_netcdf: Defining variable 'p86'.
grib_to_netcdf: Defining variable 'p87'.
grib_to_netcdf: Defining variable 'p88'.
grib_to_netcdf: Defining variable 'p89'.
grib_to_netcdf: Defining variable 'p90'.
grib_to_netcdf: Defining variable 'p91'.
grib_to_netcdf: Defining variable 'p92'.
grib_to_netcdf: Defining variable 'p93'.
grib_to_netcdf: Defining variable 'p94'.
grib_to_netcdf: Defining variable 'p95'.
grib_to_netcdf: Defining variable 'p96'.
grib_to_netcdf: Defining variable 'p97'.
grib_to_netcdf: Defining variable 'p98'.
grib_to_netcdf: Defining variable 'p99'.
grib_to_netcdf: Defining variable 'p100'.
grib_to_netcdf: Defining variable 'p101'.
grib_to_netcdf: Defining variable 'p102'.
grib_to_netcdf: Defining variable 'p103'.
grib_to_netcdf: Defining variable 'p104'.
grib_to_netcdf: Defining variable 'p105'.
grib_to_netcdf: Defining variable 'p106'.
grib_to_netcdf: Defining variable 'p107'.
grib_to_netcdf: Defining variable 'p108'.
grib_to_netcdf: Defining variable 'p109'.
grib_to_netcdf: Defining variable 'p110'.
grib_to_netcdf: Defining variable 'p111'.
grib_to_netcdf: Defining variable 't'.
grib_to_netcdf: Defining variable 'q'.
grib_to_netcdf: Defining variable 'w'.
grib_to_netcdf: Defining variable 'vo'.
grib_to_netcdf: Defining variable 'lnsp'.
grib_to_netcdf: Defining variable 'd'.
grib_to_netcdf: Defining variable 'u'.
grib_to_netcdf: Defining variable 'v'.
grib_to_netcdf: Defining variable 'clwc'.
grib_to_netcdf: Defining variable 'co2'.
grib_to_netcdf: Defining variable 'ch4'.
grib_to_netcdf: Done.
Model level selected
mars - WARN - 
mars - WARN - 
MIR environment variables:
MIR_CACHE_PATH=/lus/h2resw01/cache:{FILE?/ec/cache.1}/cache:{FILE?/ec/cache.2}/cache
MIR_LSM_NAMED=1km.climate.v013
Using MARS binary: /usr/local/apps/mars/versions/6.34.7.1/bin/mars.bin
mars - INFO   - 20260807.103309 - Welcome to MARS
mars - INFO   - 20260807.103309 - MARS_HOME=/usr/local/apps/mars/configs/prod
mars - INFO   - 20260807.103309 - MARS Client build stamp: 20260623091402
mars - INFO   - 20260807.103309 - MARS Client bundle version: 6.34.7.1
mars - INFO   - 20260807.103309 - package mars-client version: 6.34.7
mars - INFO   - 20260807.103309 - package mir version: 1.23.9
mars - INFO   - 20260807.103309 - package odc version: 1.6.3
mars - INFO   - 20260807.103309 - package fdb version: 5.21.4
mars - INFO   - 20260807.103309 - package metkit version: 1.18.3
mars - INFO   - 20260807.103309 - package eckit version: 2.0.8
mars - INFO   - 20260807.103309 - package eccodes version: 2.47.2
# First retrieve profiles
retrieve,
anoffset=9,
class=rd,
date=20220517,
expver=iyw7,
levelist=1/50/51/52/53/54/55/56/57/58/59/60/61/62/63/64/65/66/67/68/69/70/71/72/73/74/75/76/77/78/79/80/81/82/83/84/85/86/87/88/89/90/91/92/93/94/95/96/97/98/99/100/101/102/103/104/105/106/107/108/109/110/111/112/113/114/115/116/117/118/119/120/121/122/123/124/125/126/127/128/129/130/131/132/133/134/135/136/137,
levtype=ml,
param=75/82/83/84/85/86/87/88/89/90/91/92/93/94/95/96/97/98/99/100/101/102/103/104/105/106/107/108/109/110/111/130/131/132/133/135/138/152/155/246/162100/162101/162104/162105/162106/162107/162109/210061/210062/210123/210181/217026,
step=0/1/2/3/4/5/6/7/8/9/10/11/12,
stream=oper,
time=00:00:00,
type=fc,
grid=0.2/0.2,
area=48.3/10.5/47.3/11.5,
interpolation=grid-box-average,
target="mars_ml_ctrl_49r2b.grb"

mars - INFO   - 20260807.103309 - Processing request 1

RETRIEVE,
    CLASS      = RD,
    TYPE       = FC,
    STREAM     = OPER,
    EXPVER     = iyw7,
    REPRES     = SH,
    LEVTYPE    = ML,
    LEVELIST   = 1/50/51/52/53/54/55/56/57/58/59/60/61/62/63/64/65/66/67/68/69/70/71/72/73/74/75/76/77/78/79/80/81/82/83/84/85/86/87/88/89/90/91/92/93/94/95/96/97/98/99/100/101/102/103/104/105/106/107/108/109/110/111/112/113/114/115/116/117/118/119/120/121/122/123/124/125/126/127/128/129/130/131/132/133/134/135/136/137,
    PARAM      = 75/82/83/84/85/86/87/88/89/90/91/92/93/94/95/96/97/98/99/100/101/102/103/104/105/106/107/108/109/110/111/130/131/132/133/135/138/152/155/246/162100/162101/162104/162105/162106/162107/162109/210061/210062/210123/210181/217026,
    DATE       = 20220517,
    TIME       = 0000,
    STEP       = 0/1/2/3/4/5/6/7/8/9/10/11/12,
    DOMAIN     = G,
    TARGET     = "mars_ml_ctrl_49r2b.grb",
    RESOL      = AUTO,
    INTERPOLATION = GRID-BOX-AVERAGE,
    AREA       = 48.3/10.5/47.3/11.5,
    GRID       = 0.2/0.2

mars - INFO   - 20260807.103309 - Requesting 59020 fields
mars - INFO   - 20260807.103309 - FDB home /home/fdbprod
mars - INFO   - 20260807.103310 - Setting SO_SNDBUF to 33554432 (32.00 M)
mars - INFO   - 20260807.103310 - Current value is 32768 (32.00 K)
mars - INFO   - 20260807.103310 - Setting SO_RCVBUF to 33554432 (32.00 M)
mars - INFO   - 20260807.103310 - Current value is 43690 (42.67 K)
mars - INFO   - 20260807.103310 - Calling mars on 'marsrd-core', local port is 56629
mars - INFO   - 20260807.103310 - Callback at address 10.100.192.162, port 56629
mars - INFO   - 20260807.103310 - Mars client is on ac6-162.bullx (10.100.192.162) 56629
mars - INFO   - 20260807.103310 - Mars server is on 10.112.4.10 34029
mars - INFO   - 20260807.103310 - Server task is 4191 [marsrd]
mars - INFO   - 20260807.103310 - Request cost: 45,136 fields, 20.2154 Gbytes online, nodes: mvr012 [marsrd]
mars - INFO   - 20260807.103310 - The efficiency of your requests in the last 12 hours is 52% [marsrd]
mars - INFO   - 20260807.103310 - Wind conversion requested by server
mars - INFO   - 20260807.103310 - Transfering 21706131232 bytes
mars - INFO   - 20260807.103311 - ShToGridded: loading Legendre coefficients '/lus/h2resw01/cache/mir/legendre/4/local-T399-GaussianN400-OPT4189816c2e.leg'
mars - INFO   - 20260807.103311 - Deriving U and V from vorticity and divergence
mars - WARN   - 20260807.104356 - Visiting database marsrd : expected 59020, got 47450
mars - INFO   - 20260807.104356 - 47450 fields have been interpolated on 'ac6-162.bullx'
mars - ERROR  - 20260807.104356 - Last error is -43
mars - ERROR  - 20260807.104356 - Expected 59020, got 47450.
mars - ERROR  - 20260807.104356 - Request failed
mars - INFO   - 20260807.104356 - Request time:  wall: 10 min 47 sec  cpu: 10 min 36 sec 
mars - INFO   - 20260807.104356 -   Read from network: 20.22 Gbyte(s) in 17 sec  [1.22 Gbyte/sec] 
mars - INFO   - 20260807.104356 -   Visiting marsrd: wall: 10 min 47 sec 
mars - INFO   - 20260807.104356 -   Post-processing: wall: 8 min 16 sec cpu: 8 min 7 sec 
mars - INFO   - 20260807.104356 -   Writing to target file: 64.09 Mbyte(s) in 1 sec  [56.73 Mbyte/sec] cpu: 1 sec 
mars - INFO   - 20260807.104356 - Memory used: 141.52 Mbyte(s)
mars - ERROR  - 20260807.104356 - Some errors reported (last error -1)
grib_to_netcdf: Version 2.47.0
grib_to_netcdf: Processing input file 'mars_ml_ctrl_49r2b.grb'.
grib_to_netcdf: Found 47450 GRIB fields in 1 file.
grib_to_netcdf: Ignoring key(s): method, type, stream, refdate, hdate
grib_to_netcdf: Creating netCDF file 'iyw7_ctrl_49r2b_ml_20220517_0.nc'
grib_to_netcdf: NetCDF library version: 4.10.0 of Apr  9 2026 13:13:33 $
grib_to_netcdf: Creating large (64 bit) file format.
grib_to_netcdf: Defining variable 'crwc'.
grib_to_netcdf: Defining variable 'p82'.
grib_to_netcdf: Defining variable 'p83'.
grib_to_netcdf: Defining variable 'p84'.
grib_to_netcdf: Defining variable 'p85'.
grib_to_netcdf: Defining variable 'p86'.
grib_to_netcdf: Defining variable 'p87'.
grib_to_netcdf: Defining variable 'p88'.
grib_to_netcdf: Defining variable 'p89'.
grib_to_netcdf: Defining variable 'p90'.
grib_to_netcdf: Defining variable 'p91'.
grib_to_netcdf: Defining variable 'p92'.
grib_to_netcdf: Defining variable 'p93'.
grib_to_netcdf: Defining variable 'p94'.
grib_to_netcdf: Defining variable 'p95'.
grib_to_netcdf: Defining variable 'p96'.
grib_to_netcdf: Defining variable 'p97'.
grib_to_netcdf: Defining variable 'p98'.
grib_to_netcdf: Defining variable 'p99'.
grib_to_netcdf: Defining variable 'p100'.
grib_to_netcdf: Defining variable 'p101'.
grib_to_netcdf: Defining variable 'p102'.
grib_to_netcdf: Defining variable 'p103'.
grib_to_netcdf: Defining variable 'p104'.
grib_to_netcdf: Defining variable 'p105'.
grib_to_netcdf: Defining variable 'p106'.
grib_to_netcdf: Defining variable 'p107'.
grib_to_netcdf: Defining variable 'p108'.
grib_to_netcdf: Defining variable 'p109'.
grib_to_netcdf: Defining variable 'p110'.
grib_to_netcdf: Defining variable 'p111'.
grib_to_netcdf: Defining variable 't'.
grib_to_netcdf: Defining variable 'q'.
grib_to_netcdf: Defining variable 'w'.
grib_to_netcdf: Defining variable 'vo'.
grib_to_netcdf: Defining variable 'lnsp'.
grib_to_netcdf: Defining variable 'd'.
grib_to_netcdf: Defining variable 'u'.
grib_to_netcdf: Defining variable 'v'.
grib_to_netcdf: Defining variable 'clwc'.
grib_to_netcdf: Defining variable 'co2'.
grib_to_netcdf: Defining variable 'ch4'.
grib_to_netcdf: Done.
Model level selected
mars - WARN - 
mars - WARN - 
MIR environment variables:
MIR_CACHE_PATH=/lus/h2resw01/cache:{FILE?/ec/cache.1}/cache:{FILE?/ec/cache.2}/cache
MIR_LSM_NAMED=1km.climate.v013
Using MARS binary: /usr/local/apps/mars/versions/6.34.7.1/bin/mars.bin
mars - INFO   - 20260807.104638 - Welcome to MARS
mars - INFO   - 20260807.104638 - MARS_HOME=/usr/local/apps/mars/configs/prod
mars - INFO   - 20260807.104638 - MARS Client build stamp: 20260623091402
mars - INFO   - 20260807.104638 - MARS Client bundle version: 6.34.7.1
mars - INFO   - 20260807.104638 - package mars-client version: 6.34.7
mars - INFO   - 20260807.104638 - package mir version: 1.23.9
mars - INFO   - 20260807.104638 - package odc version: 1.6.3
mars - INFO   - 20260807.104638 - package fdb version: 5.21.4
mars - INFO   - 20260807.104638 - package metkit version: 1.18.3
mars - INFO   - 20260807.104638 - package eckit version: 2.0.8
mars - INFO   - 20260807.104638 - package eccodes version: 2.47.2
# First retrieve profiles
retrieve,
anoffset=9,
class=rd,
date=20220517,
expver=iyw7,
levelist=1/50/51/52/53/54/55/56/57/58/59/60/61/62/63/64/65/66/67/68/69/70/71/72/73/74/75/76/77/78/79/80/81/82/83/84/85/86/87/88/89/90/91/92/93/94/95/96/97/98/99/100/101/102/103/104/105/106/107/108/109/110/111/112/113/114/115/116/117/118/119/120/121/122/123/124/125/126/127/128/129/130/131/132/133/134/135/136/137,
levtype=ml,
param=75/82/83/84/85/86/87/88/89/90/91/92/93/94/95/96/97/98/99/100/101/102/103/104/105/106/107/108/109/110/111/130/131/132/133/135/138/152/155/246/162100/162101/162104/162105/162106/162107/162109/210061/210062/210123/210181/217026,
step=12/13/14/15/16/17/18/19/20/21/22/23/24,
stream=oper,
time=00:00:00,
type=fc,
grid=0.2/0.2,
area=48.3/10.5/47.3/11.5,
interpolation=grid-box-average,
target="mars_ml_ctrl_49r2b.grb"

mars - INFO   - 20260807.104638 - Processing request 1

RETRIEVE,
    CLASS      = RD,
    TYPE       = FC,
    STREAM     = OPER,
    EXPVER     = iyw7,
    REPRES     = SH,
    LEVTYPE    = ML,
    LEVELIST   = 1/50/51/52/53/54/55/56/57/58/59/60/61/62/63/64/65/66/67/68/69/70/71/72/73/74/75/76/77/78/79/80/81/82/83/84/85/86/87/88/89/90/91/92/93/94/95/96/97/98/99/100/101/102/103/104/105/106/107/108/109/110/111/112/113/114/115/116/117/118/119/120/121/122/123/124/125/126/127/128/129/130/131/132/133/134/135/136/137,
    PARAM      = 75/82/83/84/85/86/87/88/89/90/91/92/93/94/95/96/97/98/99/100/101/102/103/104/105/106/107/108/109/110/111/130/131/132/133/135/138/152/155/246/162100/162101/162104/162105/162106/162107/162109/210061/210062/210123/210181/217026,
    DATE       = 20220517,
    TIME       = 0000,
    STEP       = 12/13/14/15/16/17/18/19/20/21/22/23/24,
    DOMAIN     = G,
    TARGET     = "mars_ml_ctrl_49r2b.grb",
    RESOL      = AUTO,
    INTERPOLATION = GRID-BOX-AVERAGE,
    AREA       = 48.3/10.5/47.3/11.5,
    GRID       = 0.2/0.2

mars - INFO   - 20260807.104638 - Requesting 59020 fields
mars - INFO   - 20260807.104638 - FDB home /home/fdbprod
mars - INFO   - 20260807.104639 - Setting SO_SNDBUF to 33554432 (32.00 M)
mars - INFO   - 20260807.104639 - Current value is 32768 (32.00 K)
mars - INFO   - 20260807.104639 - Setting SO_RCVBUF to 33554432 (32.00 M)
mars - INFO   - 20260807.104639 - Current value is 43690 (42.67 K)
mars - INFO   - 20260807.104639 - Calling mars on 'marsrd-core', local port is 58329
mars - INFO   - 20260807.104639 - Callback at address 10.100.192.162, port 58329
mars - INFO   - 20260807.104639 - Mars client is on ac6-162.bullx (10.100.192.162) 58329
mars - INFO   - 20260807.104639 - Mars server is on 10.112.4.10 57227
mars - INFO   - 20260807.104639 - Server task is 9895 [marsrd]
mars - INFO   - 20260807.104639 - Request cost: 45,136 fields, 22.0039 Gbytes online, nodes: mvr012 [marsrd]
mars - INFO   - 20260807.104639 - The efficiency of your requests in the last 12 hours is 52% [marsrd]
mars - INFO   - 20260807.104639 - Wind conversion requested by server
mars - INFO   - 20260807.104639 - Transfering 23626488881 bytes
mars - INFO   - 20260807.104640 - ShToGridded: loading Legendre coefficients '/lus/h2resw01/cache/mir/legendre/4/local-T399-GaussianN400-OPT4189816c2e.leg'
mars - INFO   - 20260807.104641 - Deriving U and V from vorticity and divergence
mars - WARN   - 20260807.105738 - Visiting database marsrd : expected 59020, got 47450
mars - INFO   - 20260807.105738 - 47450 fields have been interpolated on 'ac6-162.bullx'
mars - ERROR  - 20260807.105738 - Last error is -43
mars - ERROR  - 20260807.105738 - Expected 59020, got 47450.
mars - ERROR  - 20260807.105738 - Request failed
mars - INFO   - 20260807.105738 - Request time:  wall: 11 min  cpu: 10 min 51 sec 
mars - INFO   - 20260807.105738 -   Read from network: 22.00 Gbyte(s) in 18 sec  [1.23 Gbyte/sec] 
mars - INFO   - 20260807.105738 -   Visiting marsrd: wall: 10 min 59 sec 
mars - INFO   - 20260807.105738 -   Post-processing: wall: 8 min 28 sec cpu: 8 min 22 sec 
mars - INFO   - 20260807.105738 -   Writing to target file: 64.46 Mbyte(s) in 1 sec  [55.29 Mbyte/sec] cpu: 1 sec 
mars - INFO   - 20260807.105738 - Memory used: 141.40 Mbyte(s)
mars - ERROR  - 20260807.105738 - Some errors reported (last error -1)
grib_to_netcdf: Version 2.47.0
grib_to_netcdf: Processing input file 'mars_ml_ctrl_49r2b.grb'.
grib_to_netcdf: Found 47450 GRIB fields in 1 file.
grib_to_netcdf: Ignoring key(s): method, type, stream, refdate, hdate
grib_to_netcdf: Creating netCDF file 'iyw7_ctrl_49r2b_ml_20220517_12.nc'
grib_to_netcdf: NetCDF library version: 4.10.0 of Apr  9 2026 13:13:33 $
grib_to_netcdf: Creating large (64 bit) file format.
grib_to_netcdf: Defining variable 'crwc'.
grib_to_netcdf: Defining variable 'p82'.
grib_to_netcdf: Defining variable 'p83'.
grib_to_netcdf: Defining variable 'p84'.
grib_to_netcdf: Defining variable 'p85'.
grib_to_netcdf: Defining variable 'p86'.
grib_to_netcdf: Defining variable 'p87'.
grib_to_netcdf: Defining variable 'p88'.
grib_to_netcdf: Defining variable 'p89'.
grib_to_netcdf: Defining variable 'p90'.
grib_to_netcdf: Defining variable 'p91'.
grib_to_netcdf: Defining variable 'p92'.
grib_to_netcdf: Defining variable 'p93'.
grib_to_netcdf: Defining variable 'p94'.
grib_to_netcdf: Defining variable 'p95'.
grib_to_netcdf: Defining variable 'p96'.
grib_to_netcdf: Defining variable 'p97'.
grib_to_netcdf: Defining variable 'p98'.
grib_to_netcdf: Defining variable 'p99'.
grib_to_netcdf: Defining variable 'p100'.
grib_to_netcdf: Defining variable 'p101'.
grib_to_netcdf: Defining variable 'p102'.
grib_to_netcdf: Defining variable 'p103'.
grib_to_netcdf: Defining variable 'p104'.
grib_to_netcdf: Defining variable 'p105'.
grib_to_netcdf: Defining variable 'p106'.
grib_to_netcdf: Defining variable 'p107'.
grib_to_netcdf: Defining variable 'p108'.
grib_to_netcdf: Defining variable 'p109'.
grib_to_netcdf: Defining variable 'p110'.
grib_to_netcdf: Defining variable 'p111'.
grib_to_netcdf: Defining variable 't'.
grib_to_netcdf: Defining variable 'q'.
grib_to_netcdf: Defining variable 'w'.
grib_to_netcdf: Defining variable 'vo'.
grib_to_netcdf: Defining variable 'lnsp'.
grib_to_netcdf: Defining variable 'd'.
grib_to_netcdf: Defining variable 'u'.
grib_to_netcdf: Defining variable 'v'.
grib_to_netcdf: Defining variable 'clwc'.
grib_to_netcdf: Defining variable 'co2'.
grib_to_netcdf: Defining variable 'ch4'.
grib_to_netcdf: Done.
Model level selected
mars - WARN - 
mars - WARN - 
MIR environment variables:
MIR_CACHE_PATH=/lus/h2resw01/cache:{FILE?/ec/cache.1}/cache:{FILE?/ec/cache.2}/cache
MIR_LSM_NAMED=1km.climate.v013
Using MARS binary: /usr/local/apps/mars/versions/6.34.7.1/bin/mars.bin
mars - INFO   - 20260807.110018 - Welcome to MARS
mars - INFO   - 20260807.110018 - MARS_HOME=/usr/local/apps/mars/configs/prod
mars - INFO   - 20260807.110018 - MARS Client build stamp: 20260623091402
mars - INFO   - 20260807.110018 - MARS Client bundle version: 6.34.7.1
mars - INFO   - 20260807.110018 - package mars-client version: 6.34.7
mars - INFO   - 20260807.110018 - package mir version: 1.23.9
mars - INFO   - 20260807.110018 - package odc version: 1.6.3
mars - INFO   - 20260807.110018 - package fdb version: 5.21.4
mars - INFO   - 20260807.110018 - package metkit version: 1.18.3
mars - INFO   - 20260807.110018 - package eckit version: 2.0.8
mars - INFO   - 20260807.110018 - package eccodes version: 2.47.2
# First retrieve profiles
retrieve,
anoffset=9,
class=rd,
date=20220518,
expver=iyw7,
levelist=1/50/51/52/53/54/55/56/57/58/59/60/61/62/63/64/65/66/67/68/69/70/71/72/73/74/75/76/77/78/79/80/81/82/83/84/85/86/87/88/89/90/91/92/93/94/95/96/97/98/99/100/101/102/103/104/105/106/107/108/109/110/111/112/113/114/115/116/117/118/119/120/121/122/123/124/125/126/127/128/129/130/131/132/133/134/135/136/137,
levtype=ml,
param=75/82/83/84/85/86/87/88/89/90/91/92/93/94/95/96/97/98/99/100/101/102/103/104/105/106/107/108/109/110/111/130/131/132/133/135/138/152/155/246/162100/162101/162104/162105/162106/162107/162109/210061/210062/210123/210181/217026,
step=0/1/2/3/4/5/6/7/8/9/10/11/12,
stream=oper,
time=00:00:00,
type=fc,
grid=0.2/0.2,
area=48.3/10.5/47.3/11.5,
interpolation=grid-box-average,
target="mars_ml_ctrl_49r2b.grb"

mars - INFO   - 20260807.110018 - Processing request 1

RETRIEVE,
    CLASS      = RD,
    TYPE       = FC,
    STREAM     = OPER,
    EXPVER     = iyw7,
    REPRES     = SH,
    LEVTYPE    = ML,
    LEVELIST   = 1/50/51/52/53/54/55/56/57/58/59/60/61/62/63/64/65/66/67/68/69/70/71/72/73/74/75/76/77/78/79/80/81/82/83/84/85/86/87/88/89/90/91/92/93/94/95/96/97/98/99/100/101/102/103/104/105/106/107/108/109/110/111/112/113/114/115/116/117/118/119/120/121/122/123/124/125/126/127/128/129/130/131/132/133/134/135/136/137,
    PARAM      = 75/82/83/84/85/86/87/88/89/90/91/92/93/94/95/96/97/98/99/100/101/102/103/104/105/106/107/108/109/110/111/130/131/132/133/135/138/152/155/246/162100/162101/162104/162105/162106/162107/162109/210061/210062/210123/210181/217026,
    DATE       = 20220518,
    TIME       = 0000,
    STEP       = 0/1/2/3/4/5/6/7/8/9/10/11/12,
    DOMAIN     = G,
    TARGET     = "mars_ml_ctrl_49r2b.grb",
    RESOL      = AUTO,
    INTERPOLATION = GRID-BOX-AVERAGE,
    AREA       = 48.3/10.5/47.3/11.5,
    GRID       = 0.2/0.2

mars - INFO   - 20260807.110019 - Requesting 59020 fields
mars - INFO   - 20260807.110019 - FDB home /home/fdbprod
mars - INFO   - 20260807.110019 - Setting SO_SNDBUF to 33554432 (32.00 M)
mars - INFO   - 20260807.110019 - Current value is 32768 (32.00 K)
mars - INFO   - 20260807.110019 - Setting SO_RCVBUF to 33554432 (32.00 M)
mars - INFO   - 20260807.110019 - Current value is 43690 (42.67 K)
mars - INFO   - 20260807.110019 - Calling mars on 'marsrd-core', local port is 50915
mars - INFO   - 20260807.110019 - Callback at address 10.100.192.162, port 50915
mars - INFO   - 20260807.110019 - Mars client is on ac6-162.bullx (10.100.192.162) 50915
mars - INFO   - 20260807.110019 - Mars server is on 10.112.4.10 33355
mars - INFO   - 20260807.110019 - Server task is 4599 [marsrd]
mars - INFO   - 20260807.110019 - Request cost: 45,136 fields, 20.1031 Gbytes on 1 tape, nodes: hpss, libraries: ibmlib07_70 [marsrd]
mars - INFO   - 20260807.110019 - The efficiency of your requests in the last 12 hours is 52% [marsrd]
mars - INFO   - 20260807.110019 - Wind conversion requested by server
mars - INFO   - 20260807.111622 - Transfering 21585488518 bytes
mars - INFO   - 20260807.111623 - ShToGridded: loading Legendre coefficients '/lus/h2resw01/cache/mir/legendre/4/local-T399-GaussianN400-OPT4189816c2e.leg'
mars - INFO   - 20260807.111623 - Deriving U and V from vorticity and divergence
mars - WARN   - 20260807.112705 - Visiting database marsrd : expected 59020, got 47450
mars - INFO   - 20260807.112705 - 47450 fields have been interpolated on 'ac6-162.bullx'
mars - ERROR  - 20260807.112705 - Last error is -43
mars - ERROR  - 20260807.112705 - Expected 59020, got 47450.
mars - ERROR  - 20260807.112705 - Request failed
mars - INFO   - 20260807.112705 - Request time:  wall: 26 min 47 sec  cpu: 10 min 37 sec 
mars - INFO   - 20260807.112705 -   Read from network: 20.10 Gbyte(s) in 17 sec  [1.21 Gbyte/sec] 
mars - INFO   - 20260807.112705 -   Processing in marsrd: wall: 16 min 3 sec 
mars - INFO   - 20260807.112705 -   Visiting marsrd: wall: 26 min 46 sec 
mars - INFO   - 20260807.112705 -   Post-processing: wall: 8 min 14 sec cpu: 8 min 8 sec 
mars - INFO   - 20260807.112705 -   Writing to target file: 64.07 Mbyte(s) in 1 sec  [57.09 Mbyte/sec] cpu: 1 sec 
mars - INFO   - 20260807.112705 - Memory used: 140.96 Mbyte(s)
mars - ERROR  - 20260807.112705 - Some errors reported (last error -1)
grib_to_netcdf: Version 2.47.0
grib_to_netcdf: Processing input file 'mars_ml_ctrl_49r2b.grb'.
grib_to_netcdf: Found 47450 GRIB fields in 1 file.
grib_to_netcdf: Ignoring key(s): method, type, stream, refdate, hdate
grib_to_netcdf: Creating netCDF file 'iyw7_ctrl_49r2b_ml_20220518_0.nc'
grib_to_netcdf: NetCDF library version: 4.10.0 of Apr  9 2026 13:13:33 $
grib_to_netcdf: Creating large (64 bit) file format.
grib_to_netcdf: Defining variable 'crwc'.
grib_to_netcdf: Defining variable 'p82'.
grib_to_netcdf: Defining variable 'p83'.
grib_to_netcdf: Defining variable 'p84'.
grib_to_netcdf: Defining variable 'p85'.
grib_to_netcdf: Defining variable 'p86'.
grib_to_netcdf: Defining variable 'p87'.
grib_to_netcdf: Defining variable 'p88'.
grib_to_netcdf: Defining variable 'p89'.
grib_to_netcdf: Defining variable 'p90'.
grib_to_netcdf: Defining variable 'p91'.
grib_to_netcdf: Defining variable 'p92'.
grib_to_netcdf: Defining variable 'p93'.
grib_to_netcdf: Defining variable 'p94'.
grib_to_netcdf: Defining variable 'p95'.
grib_to_netcdf: Defining variable 'p96'.
grib_to_netcdf: Defining variable 'p97'.
grib_to_netcdf: Defining variable 'p98'.
grib_to_netcdf: Defining variable 'p99'.
grib_to_netcdf: Defining variable 'p100'.
grib_to_netcdf: Defining variable 'p101'.
grib_to_netcdf: Defining variable 'p102'.
grib_to_netcdf: Defining variable 'p103'.
grib_to_netcdf: Defining variable 'p104'.
grib_to_netcdf: Defining variable 'p105'.
grib_to_netcdf: Defining variable 'p106'.
grib_to_netcdf: Defining variable 'p107'.
grib_to_netcdf: Defining variable 'p108'.
grib_to_netcdf: Defining variable 'p109'.
grib_to_netcdf: Defining variable 'p110'.
grib_to_netcdf: Defining variable 'p111'.
grib_to_netcdf: Defining variable 't'.
grib_to_netcdf: Defining variable 'q'.
grib_to_netcdf: Defining variable 'w'.
grib_to_netcdf: Defining variable 'vo'.
grib_to_netcdf: Defining variable 'lnsp'.
grib_to_netcdf: Defining variable 'd'.
grib_to_netcdf: Defining variable 'u'.
grib_to_netcdf: Defining variable 'v'.
grib_to_netcdf: Defining variable 'clwc'.
grib_to_netcdf: Defining variable 'co2'.
grib_to_netcdf: Defining variable 'ch4'.
grib_to_netcdf: Done.
Model level selected
mars - WARN - 
mars - WARN - 
MIR environment variables:
MIR_CACHE_PATH=/lus/h2resw01/cache:{FILE?/ec/cache.1}/cache:{FILE?/ec/cache.2}/cache
MIR_LSM_NAMED=1km.climate.v013
Using MARS binary: /usr/local/apps/mars/versions/6.34.7.1/bin/mars.bin
mars - INFO   - 20260807.112946 - Welcome to MARS
mars - INFO   - 20260807.112946 - MARS_HOME=/usr/local/apps/mars/configs/prod
mars - INFO   - 20260807.112946 - MARS Client build stamp: 20260623091402
mars - INFO   - 20260807.112946 - MARS Client bundle version: 6.34.7.1
mars - INFO   - 20260807.112946 - package mars-client version: 6.34.7
mars - INFO   - 20260807.112946 - package mir version: 1.23.9
mars - INFO   - 20260807.112946 - package odc version: 1.6.3
mars - INFO   - 20260807.112946 - package fdb version: 5.21.4
mars - INFO   - 20260807.112946 - package metkit version: 1.18.3
mars - INFO   - 20260807.112946 - package eckit version: 2.0.8
mars - INFO   - 20260807.112946 - package eccodes version: 2.47.2
# First retrieve profiles
retrieve,
anoffset=9,
class=rd,
date=20220518,
expver=iyw7,
levelist=1/50/51/52/53/54/55/56/57/58/59/60/61/62/63/64/65/66/67/68/69/70/71/72/73/74/75/76/77/78/79/80/81/82/83/84/85/86/87/88/89/90/91/92/93/94/95/96/97/98/99/100/101/102/103/104/105/106/107/108/109/110/111/112/113/114/115/116/117/118/119/120/121/122/123/124/125/126/127/128/129/130/131/132/133/134/135/136/137,
levtype=ml,
param=75/82/83/84/85/86/87/88/89/90/91/92/93/94/95/96/97/98/99/100/101/102/103/104/105/106/107/108/109/110/111/130/131/132/133/135/138/152/155/246/162100/162101/162104/162105/162106/162107/162109/210061/210062/210123/210181/217026,
step=12/13/14/15/16/17/18/19/20/21/22/23/24,
stream=oper,
time=00:00:00,
type=fc,
grid=0.2/0.2,
area=48.3/10.5/47.3/11.5,
interpolation=grid-box-average,
target="mars_ml_ctrl_49r2b.grb"

mars - INFO   - 20260807.112946 - Processing request 1

RETRIEVE,
    CLASS      = RD,
    TYPE       = FC,
    STREAM     = OPER,
    EXPVER     = iyw7,
    REPRES     = SH,
    LEVTYPE    = ML,
    LEVELIST   = 1/50/51/52/53/54/55/56/57/58/59/60/61/62/63/64/65/66/67/68/69/70/71/72/73/74/75/76/77/78/79/80/81/82/83/84/85/86/87/88/89/90/91/92/93/94/95/96/97/98/99/100/101/102/103/104/105/106/107/108/109/110/111/112/113/114/115/116/117/118/119/120/121/122/123/124/125/126/127/128/129/130/131/132/133/134/135/136/137,
    PARAM      = 75/82/83/84/85/86/87/88/89/90/91/92/93/94/95/96/97/98/99/100/101/102/103/104/105/106/107/108/109/110/111/130/131/132/133/135/138/152/155/246/162100/162101/162104/162105/162106/162107/162109/210061/210062/210123/210181/217026,
    DATE       = 20220518,
    TIME       = 0000,
    STEP       = 12/13/14/15/16/17/18/19/20/21/22/23/24,
    DOMAIN     = G,
    TARGET     = "mars_ml_ctrl_49r2b.grb",
    RESOL      = AUTO,
    INTERPOLATION = GRID-BOX-AVERAGE,
    AREA       = 48.3/10.5/47.3/11.5,
    GRID       = 0.2/0.2

mars - INFO   - 20260807.112946 - Requesting 59020 fields
mars - INFO   - 20260807.112946 - FDB home /home/fdbprod
mars - INFO   - 20260807.112947 - Setting SO_SNDBUF to 33554432 (32.00 M)
mars - INFO   - 20260807.112947 - Current value is 32768 (32.00 K)
mars - INFO   - 20260807.112947 - Setting SO_RCVBUF to 33554432 (32.00 M)
mars - INFO   - 20260807.112947 - Current value is 43690 (42.67 K)
mars - INFO   - 20260807.112947 - Calling mars on 'marsrd-core', local port is 46579
mars - INFO   - 20260807.112947 - Callback at address 10.100.192.162, port 46579
mars - INFO   - 20260807.112947 - Mars client is on ac6-162.bullx (10.100.192.162) 46579
mars - INFO   - 20260807.112947 - Mars server is on 10.112.4.10 59611
mars - INFO   - 20260807.112947 - Server task is 4685 [marsrd]
mars - INFO   - 20260807.112947 - Request cost: 45,136 fields, 1.66914 Gbytes online, 20.3363 Gbytes on 1 tape, nodes: hpss mvr004, libraries: ibmlib07_70 [marsrd]
mars - INFO   - 20260807.112947 - The efficiency of your requests in the last 12 hours is 53% [marsrd]
mars - INFO   - 20260807.112947 - Wind conversion requested by server
mars - ERROR  - 20260807.131743 - Mars server task finished in error
mars - ERROR  - 20260807.131743 - Double buffer error: Failed HPSS call: n = ::hpss_Read(fd_, buffer, size), path = /mars/prod/rd/7/marsrdoper/iyw7/fc.20220518.ml.20607132.20260725.135939, volume = F0363700 in  (/home/cloud-user/git/mars-hpss/src/mars/hpss/HPSSReadHandle.cc:308 read1) (Input/output error err=-5 function=API_core_ReadFile request=875aa2b417dd884e8fd6ef3b6d024952)(RemoteException from Connector[mvr000,bods1-ab0608:9701]) [marsrd]
mars - WARN   - 20260807.131743 - Retry failure forever
mars - ERROR  - 20260807.131743 - Error code is -7776
mars - WARN   - 20260807.131743 - Sleeping 4 minutes
mars - INFO   - 20260807.132143 - Calling mars on 'marsrd-core', local port is 59837
mars - INFO   - 20260807.132143 - Callback at address 10.100.192.162, port 59837
mars - INFO   - 20260807.132143 - Mars client is on ac6-162.bullx (10.100.192.162) 59837
mars - INFO   - 20260807.132143 - Mars server is on 10.112.4.10 47055
mars - INFO   - 20260807.132143 - Server task is 9797 [marsrd]
mars - INFO   - 20260807.132143 - Request cost: 45,136 fields, 22.0054 Gbytes online, nodes: mvr004 mvr011 [marsrd]
mars - INFO   - 20260807.132143 - The efficiency of your requests in the last 12 hours is 47% [marsrd]
mars - INFO   - 20260807.132143 - Wind conversion requested by server
mars - INFO   - 20260807.132144 - Transfering 23628156046 bytes
mars - INFO   - 20260807.132146 - ShToGridded: loading Legendre coefficients '/lus/h2resw01/cache/mir/legendre/4/local-T399-GaussianN400-OPT4189816c2e.leg'
mars - INFO   - 20260807.132147 - Deriving U and V from vorticity and divergence
mars - WARN   - 20260807.133317 - Visiting database marsrd : expected 59020, got 47450
mars - INFO   - 20260807.133317 - 47450 fields have been interpolated on 'ac6-162.bullx'
mars - ERROR  - 20260807.133317 - Last error is -43
mars - ERROR  - 20260807.133317 - Expected 59020, got 47450.
mars - ERROR  - 20260807.133317 - Request failed
mars - INFO   - 20260807.133317 - Request time:  wall: 2 hour 3 min 31 sec  cpu: 11 min 17 sec 
mars - INFO   - 20260807.133317 -   Read from network: 22.01 Gbyte(s) in 19 sec  [1.13 Gbyte/sec] 
mars - INFO   - 20260807.133317 -   Processing in marsrd: wall: 1 hour 47 min 57 sec 
mars - INFO   - 20260807.133317 -   Visiting marsrd: wall: 2 hour 3 min 31 sec 
mars - INFO   - 20260807.133317 -   Post-processing: wall: 8 min 52 sec cpu: 8 min 38 sec 
mars - INFO   - 20260807.133317 -   Writing to target file: 64.45 Mbyte(s) in 1 sec  [54.94 Mbyte/sec] cpu: 1 sec 
mars - INFO   - 20260807.133317 - Memory used: 143.17 Mbyte(s)
mars - ERROR  - 20260807.133317 - Some errors reported (last error -1)
grib_to_netcdf: Version 2.47.0
grib_to_netcdf: Processing input file 'mars_ml_ctrl_49r2b.grb'.
grib_to_netcdf: Found 47450 GRIB fields in 1 file.
grib_to_netcdf: Ignoring key(s): method, type, stream, refdate, hdate
grib_to_netcdf: Creating netCDF file 'iyw7_ctrl_49r2b_ml_20220518_12.nc'
grib_to_netcdf: NetCDF library version: 4.10.0 of Apr  9 2026 13:13:33 $
grib_to_netcdf: Creating large (64 bit) file format.
grib_to_netcdf: Defining variable 'crwc'.
grib_to_netcdf: Defining variable 'p82'.
grib_to_netcdf: Defining variable 'p83'.
grib_to_netcdf: Defining variable 'p84'.
grib_to_netcdf: Defining variable 'p85'.
grib_to_netcdf: Defining variable 'p86'.
grib_to_netcdf: Defining variable 'p87'.
grib_to_netcdf: Defining variable 'p88'.
grib_to_netcdf: Defining variable 'p89'.
grib_to_netcdf: Defining variable 'p90'.
grib_to_netcdf: Defining variable 'p91'.
grib_to_netcdf: Defining variable 'p92'.
grib_to_netcdf: Defining variable 'p93'.
grib_to_netcdf: Defining variable 'p94'.
grib_to_netcdf: Defining variable 'p95'.
grib_to_netcdf: Defining variable 'p96'.
grib_to_netcdf: Defining variable 'p97'.
grib_to_netcdf: Defining variable 'p98'.
grib_to_netcdf: Defining variable 'p99'.
grib_to_netcdf: Defining variable 'p100'.
grib_to_netcdf: Defining variable 'p101'.
grib_to_netcdf: Defining variable 'p102'.
grib_to_netcdf: Defining variable 'p103'.
grib_to_netcdf: Defining variable 'p104'.
grib_to_netcdf: Defining variable 'p105'.
grib_to_netcdf: Defining variable 'p106'.
grib_to_netcdf: Defining variable 'p107'.
grib_to_netcdf: Defining variable 'p108'.
grib_to_netcdf: Defining variable 'p109'.
grib_to_netcdf: Defining variable 'p110'.
grib_to_netcdf: Defining variable 'p111'.
grib_to_netcdf: Defining variable 't'.
grib_to_netcdf: Defining variable 'q'.
grib_to_netcdf: Defining variable 'w'.
grib_to_netcdf: Defining variable 'vo'.
grib_to_netcdf: Defining variable 'lnsp'.
grib_to_netcdf: Defining variable 'd'.
grib_to_netcdf: Defining variable 'u'.
grib_to_netcdf: Defining variable 'v'.
grib_to_netcdf: Defining variable 'clwc'.
grib_to_netcdf: Defining variable 'co2'.
grib_to_netcdf: Defining variable 'ch4'.
grib_to_netcdf: Done.
Model level selected
mars - WARN - 
mars - WARN - 
MIR environment variables:
MIR_CACHE_PATH=/lus/h2resw01/cache:{FILE?/ec/cache.1}/cache:{FILE?/ec/cache.2}/cache
MIR_LSM_NAMED=1km.climate.v013
Using MARS binary: /usr/local/apps/mars/versions/6.34.7.1/bin/mars.bin
mars - INFO   - 20260807.133647 - Welcome to MARS
mars - INFO   - 20260807.133647 - MARS_HOME=/usr/local/apps/mars/configs/prod
mars - INFO   - 20260807.133647 - MARS Client build stamp: 20260623091402
mars - INFO   - 20260807.133647 - MARS Client bundle version: 6.34.7.1
mars - INFO   - 20260807.133647 - package mars-client version: 6.34.7
mars - INFO   - 20260807.133647 - package mir version: 1.23.9
mars - INFO   - 20260807.133647 - package odc version: 1.6.3
mars - INFO   - 20260807.133647 - package fdb version: 5.21.4
mars - INFO   - 20260807.133647 - package metkit version: 1.18.3
mars - INFO   - 20260807.133647 - package eckit version: 2.0.8
mars - INFO   - 20260807.133647 - package eccodes version: 2.47.2
# First retrieve profiles
retrieve,
anoffset=9,
class=rd,
date=20220519,
expver=iyw7,
levelist=1/50/51/52/53/54/55/56/57/58/59/60/61/62/63/64/65/66/67/68/69/70/71/72/73/74/75/76/77/78/79/80/81/82/83/84/85/86/87/88/89/90/91/92/93/94/95/96/97/98/99/100/101/102/103/104/105/106/107/108/109/110/111/112/113/114/115/116/117/118/119/120/121/122/123/124/125/126/127/128/129/130/131/132/133/134/135/136/137,
levtype=ml,
param=75/82/83/84/85/86/87/88/89/90/91/92/93/94/95/96/97/98/99/100/101/102/103/104/105/106/107/108/109/110/111/130/131/132/133/135/138/152/155/246/162100/162101/162104/162105/162106/162107/162109/210061/210062/210123/210181/217026,
step=0/1/2/3/4/5/6/7/8/9/10/11/12,
stream=oper,
time=00:00:00,
type=fc,
grid=0.2/0.2,
area=48.3/10.5/47.3/11.5,
interpolation=grid-box-average,
target="mars_ml_ctrl_49r2b.grb"

mars - INFO   - 20260807.133647 - Processing request 1

RETRIEVE,
    CLASS      = RD,
    TYPE       = FC,
    STREAM     = OPER,
    EXPVER     = iyw7,
    REPRES     = SH,
    LEVTYPE    = ML,
    LEVELIST   = 1/50/51/52/53/54/55/56/57/58/59/60/61/62/63/64/65/66/67/68/69/70/71/72/73/74/75/76/77/78/79/80/81/82/83/84/85/86/87/88/89/90/91/92/93/94/95/96/97/98/99/100/101/102/103/104/105/106/107/108/109/110/111/112/113/114/115/116/117/118/119/120/121/122/123/124/125/126/127/128/129/130/131/132/133/134/135/136/137,
    PARAM      = 75/82/83/84/85/86/87/88/89/90/91/92/93/94/95/96/97/98/99/100/101/102/103/104/105/106/107/108/109/110/111/130/131/132/133/135/138/152/155/246/162100/162101/162104/162105/162106/162107/162109/210061/210062/210123/210181/217026,
    DATE       = 20220519,
    TIME       = 0000,
    STEP       = 0/1/2/3/4/5/6/7/8/9/10/11/12,
    DOMAIN     = G,
    TARGET     = "mars_ml_ctrl_49r2b.grb",
    RESOL      = AUTO,
    INTERPOLATION = GRID-BOX-AVERAGE,
    AREA       = 48.3/10.5/47.3/11.5,
    GRID       = 0.2/0.2

mars - INFO   - 20260807.133648 - Requesting 59020 fields
mars - INFO   - 20260807.133648 - FDB home /home/fdbprod
mars - INFO   - 20260807.133648 - Setting SO_SNDBUF to 33554432 (32.00 M)
mars - INFO   - 20260807.133648 - Current value is 32768 (32.00 K)
mars - INFO   - 20260807.133648 - Setting SO_RCVBUF to 33554432 (32.00 M)
mars - INFO   - 20260807.133648 - Current value is 43690 (42.67 K)
mars - INFO   - 20260807.133648 - Calling mars on 'marsrd-core', local port is 33399
mars - INFO   - 20260807.133648 - Callback at address 10.100.192.162, port 33399
mars - INFO   - 20260807.133656 - Mars client is on ac6-162.bullx (10.100.192.162) 33399
mars - INFO   - 20260807.133656 - Mars server is on 10.112.4.10 40473
mars - INFO   - 20260807.133656 - Server task is 5922 [marsrd]
mars - INFO   - 20260807.133656 - Request cost: 45,136 fields, 20.0366 Gbytes on 1 tape, nodes: hpss, libraries: ibmlib07_70 [marsrd]
mars - INFO   - 20260807.133656 - The efficiency of your requests in the last 12 hours is 47% [marsrd]
mars - INFO   - 20260807.133656 - Wind conversion requested by server
mars - ERROR  - 20260807.165457 - Mars server task finished in error
mars - ERROR  - 20260807.165457 - Double buffer error: Failed HPSS call: n = ::hpss_Read(fd_, buffer, size), path = /mars/prod/rd/7/marsrdoper/iyw7/fc.20220519.ml.20607758.20260726.125305, volume = F0363700 in  (/home/cloud-user/git/mars-hpss/src/mars/hpss/HPSSReadHandle.cc:308 read1) (Input/output error err=-5 function=API_core_ReadFile request=96a2511dfdaf9d4eafb6f1a9ea45dedf)(RemoteException from Connector[mvr005,bods1-ag0719:9701]) [marsrd]
mars - WARN   - 20260807.165457 - Retry failure forever
mars - ERROR  - 20260807.165457 - Error code is -7776
mars - WARN   - 20260807.165457 - Sleeping 4 minutes
mars - INFO   - 20260807.165857 - Calling mars on 'marsrd-core', local port is 46035
mars - INFO   - 20260807.165857 - Callback at address 10.100.192.162, port 46035
mars - INFO   - 20260807.165915 - Mars client is on ac6-162.bullx (10.100.192.162) 46035
mars - INFO   - 20260807.165915 - Mars server is on 10.112.4.10 39805
mars - INFO   - 20260807.165915 - Server task is 7926 [marsrd]
mars - INFO   - 20260807.165915 - Request cost: 45,136 fields, 20.0366 Gbytes online, nodes: mvr011 [marsrd]
mars - INFO   - 20260807.165915 - The efficiency of your requests in the last 12 hours is 44% [marsrd]
mars - INFO   - 20260807.165920 - Wind conversion requested by server
mars - INFO   - 20260807.165941 - Transfering 21514167702 bytes
mars - INFO   - 20260807.165942 - ShToGridded: loading Legendre coefficients '/lus/h2resw01/cache/mir/legendre/4/local-T399-GaussianN400-OPT4189816c2e.leg'
mars - INFO   - 20260807.170004 - Deriving U and V from vorticity and divergence
mars - WARN   - 20260807.171052 - Visiting database marsrd : expected 59020, got 47450
mars - INFO   - 20260807.171052 - 47450 fields have been interpolated on 'ac6-162.bullx'
mars - ERROR  - 20260807.171052 - Last error is -43
mars - ERROR  - 20260807.171052 - Expected 59020, got 47450.
mars - ERROR  - 20260807.171052 - Request failed
mars - INFO   - 20260807.171052 - Request time:  wall: 3 hour 34 min 4 sec  cpu: 10 min 40 sec 
mars - INFO   - 20260807.171052 -   Read from network: 20.04 Gbyte(s) in 17 sec  [1.15 Gbyte/sec] 
mars - INFO   - 20260807.171052 -   Processing in marsrd: wall: 3 hour 18 min 52 sec 
mars - INFO   - 20260807.171052 -   Visiting marsrd: wall: 3 hour 34 min 3 sec 
mars - INFO   - 20260807.171052 -   Post-processing: wall: 8 min 39 sec cpu: 8 min 8 sec 
mars - INFO   - 20260807.171052 -   Writing to target file: 63.78 Mbyte(s) in 1 sec  [54.39 Mbyte/sec] cpu: 1 sec 
mars - INFO   - 20260807.171052 - Memory used: 133.80 Mbyte(s)
mars - ERROR  - 20260807.171052 - Some errors reported (last error -1)
grib_to_netcdf: Version 2.47.0
grib_to_netcdf: Processing input file 'mars_ml_ctrl_49r2b.grb'.
grib_to_netcdf: Found 47450 GRIB fields in 1 file.
grib_to_netcdf: Ignoring key(s): method, type, stream, refdate, hdate
grib_to_netcdf: Creating netCDF file 'iyw7_ctrl_49r2b_ml_20220519_0.nc'
grib_to_netcdf: NetCDF library version: 4.10.0 of Apr  9 2026 13:13:33 $
grib_to_netcdf: Creating large (64 bit) file format.
grib_to_netcdf: Defining variable 'crwc'.
grib_to_netcdf: Defining variable 'p82'.
grib_to_netcdf: Defining variable 'p83'.
grib_to_netcdf: Defining variable 'p84'.
grib_to_netcdf: Defining variable 'p85'.
grib_to_netcdf: Defining variable 'p86'.
grib_to_netcdf: Defining variable 'p87'.
grib_to_netcdf: Defining variable 'p88'.
grib_to_netcdf: Defining variable 'p89'.
grib_to_netcdf: Defining variable 'p90'.
grib_to_netcdf: Defining variable 'p91'.
grib_to_netcdf: Defining variable 'p92'.
grib_to_netcdf: Defining variable 'p93'.
grib_to_netcdf: Defining variable 'p94'.
grib_to_netcdf: Defining variable 'p95'.
grib_to_netcdf: Defining variable 'p96'.
grib_to_netcdf: Defining variable 'p97'.
grib_to_netcdf: Defining variable 'p98'.
grib_to_netcdf: Defining variable 'p99'.
grib_to_netcdf: Defining variable 'p100'.
grib_to_netcdf: Defining variable 'p101'.
grib_to_netcdf: Defining variable 'p102'.
grib_to_netcdf: Defining variable 'p103'.
grib_to_netcdf: Defining variable 'p104'.
grib_to_netcdf: Defining variable 'p105'.
grib_to_netcdf: Defining variable 'p106'.
grib_to_netcdf: Defining variable 'p107'.
grib_to_netcdf: Defining variable 'p108'.
grib_to_netcdf: Defining variable 'p109'.
grib_to_netcdf: Defining variable 'p110'.
grib_to_netcdf: Defining variable 'p111'.
grib_to_netcdf: Defining variable 't'.
grib_to_netcdf: Defining variable 'q'.
grib_to_netcdf: Defining variable 'w'.
grib_to_netcdf: Defining variable 'vo'.
grib_to_netcdf: Defining variable 'lnsp'.
grib_to_netcdf: Defining variable 'd'.
grib_to_netcdf: Defining variable 'u'.
grib_to_netcdf: Defining variable 'v'.
grib_to_netcdf: Defining variable 'clwc'.
grib_to_netcdf: Defining variable 'co2'.
grib_to_netcdf: Defining variable 'ch4'.
grib_to_netcdf: Done.
Model level selected
mars - WARN - 
mars - WARN - 
MIR environment variables:
MIR_CACHE_PATH=/lus/h2resw01/cache:{FILE?/ec/cache.1}/cache:{FILE?/ec/cache.2}/cache
MIR_LSM_NAMED=1km.climate.v013
Using MARS binary: /usr/local/apps/mars/versions/6.34.7.1/bin/mars.bin
mars - INFO   - 20260807.171333 - Welcome to MARS
mars - INFO   - 20260807.171333 - MARS_HOME=/usr/local/apps/mars/configs/prod
mars - INFO   - 20260807.171333 - MARS Client build stamp: 20260623091402
mars - INFO   - 20260807.171333 - MARS Client bundle version: 6.34.7.1
mars - INFO   - 20260807.171333 - package mars-client version: 6.34.7
mars - INFO   - 20260807.171333 - package mir version: 1.23.9
mars - INFO   - 20260807.171333 - package odc version: 1.6.3
mars - INFO   - 20260807.171333 - package fdb version: 5.21.4
mars - INFO   - 20260807.171333 - package metkit version: 1.18.3
mars - INFO   - 20260807.171333 - package eckit version: 2.0.8
mars - INFO   - 20260807.171333 - package eccodes version: 2.47.2
# First retrieve profiles
retrieve,
anoffset=9,
class=rd,
date=20220519,
expver=iyw7,
levelist=1/50/51/52/53/54/55/56/57/58/59/60/61/62/63/64/65/66/67/68/69/70/71/72/73/74/75/76/77/78/79/80/81/82/83/84/85/86/87/88/89/90/91/92/93/94/95/96/97/98/99/100/101/102/103/104/105/106/107/108/109/110/111/112/113/114/115/116/117/118/119/120/121/122/123/124/125/126/127/128/129/130/131/132/133/134/135/136/137,
levtype=ml,
param=75/82/83/84/85/86/87/88/89/90/91/92/93/94/95/96/97/98/99/100/101/102/103/104/105/106/107/108/109/110/111/130/131/132/133/135/138/152/155/246/162100/162101/162104/162105/162106/162107/162109/210061/210062/210123/210181/217026,
step=12/13/14/15/16/17/18/19/20/21/22/23/24,
stream=oper,
time=00:00:00,
type=fc,
grid=0.2/0.2,
area=48.3/10.5/47.3/11.5,
interpolation=grid-box-average,
target="mars_ml_ctrl_49r2b.grb"

mars - INFO   - 20260807.171333 - Processing request 1

RETRIEVE,
    CLASS      = RD,
    TYPE       = FC,
    STREAM     = OPER,
    EXPVER     = iyw7,
    REPRES     = SH,
    LEVTYPE    = ML,
    LEVELIST   = 1/50/51/52/53/54/55/56/57/58/59/60/61/62/63/64/65/66/67/68/69/70/71/72/73/74/75/76/77/78/79/80/81/82/83/84/85/86/87/88/89/90/91/92/93/94/95/96/97/98/99/100/101/102/103/104/105/106/107/108/109/110/111/112/113/114/115/116/117/118/119/120/121/122/123/124/125/126/127/128/129/130/131/132/133/134/135/136/137,
    PARAM      = 75/82/83/84/85/86/87/88/89/90/91/92/93/94/95/96/97/98/99/100/101/102/103/104/105/106/107/108/109/110/111/130/131/132/133/135/138/152/155/246/162100/162101/162104/162105/162106/162107/162109/210061/210062/210123/210181/217026,
    DATE       = 20220519,
    TIME       = 0000,
    STEP       = 12/13/14/15/16/17/18/19/20/21/22/23/24,
    DOMAIN     = G,
    TARGET     = "mars_ml_ctrl_49r2b.grb",
    RESOL      = AUTO,
    INTERPOLATION = GRID-BOX-AVERAGE,
    AREA       = 48.3/10.5/47.3/11.5,
    GRID       = 0.2/0.2

mars - INFO   - 20260807.171333 - Requesting 59020 fields
mars - INFO   - 20260807.171333 - FDB home /home/fdbprod
mars - INFO   - 20260807.171334 - Setting SO_SNDBUF to 33554432 (32.00 M)
mars - INFO   - 20260807.171334 - Current value is 32768 (32.00 K)
mars - INFO   - 20260807.171334 - Setting SO_RCVBUF to 33554432 (32.00 M)
mars - INFO   - 20260807.171334 - Current value is 43690 (42.67 K)
mars - INFO   - 20260807.171334 - Calling mars on 'marsrd-core', local port is 41941
mars - INFO   - 20260807.171334 - Callback at address 10.100.192.162, port 41941
mars - INFO   - 20260807.171334 - Mars client is on ac6-162.bullx (10.100.192.162) 41941
mars - INFO   - 20260807.171334 - Mars server is on 10.112.4.10 55831
mars - INFO   - 20260807.171334 - Server task is 603 [marsrd]
mars - INFO   - 20260807.171334 - Request cost: 45,136 fields, 1.65557 Gbytes online, 20.365 Gbytes on 1 tape, nodes: hpss mvr011, libraries: ibmlib07_70 [marsrd]
mars - INFO   - 20260807.171334 - The efficiency of your requests in the last 12 hours is 42% [marsrd]
mars - INFO   - 20260807.171334 - Wind conversion requested by server
mars - ERROR  - 20260807.173153 - Mars server task finished in error
mars - ERROR  - 20260807.173153 - Double buffer error: Failed HPSS call: n = ::hpss_Read(fd_, buffer, size), path = /mars/prod/rd/7/marsrdoper/iyw7/fc.20220519.ml.20607758.20260726.125305, volume = F0363700 in  (/home/cloud-user/git/mars-hpss/src/mars/hpss/HPSSReadHandle.cc:308 read1) (Input/output error err=-5 function=API_core_ReadFile request=91df2d4dac375049b1823557c77ac34b)(RemoteException from Connector[mvr006,bods1-ag0516:9701]) [marsrd]
mars - WARN   - 20260807.173153 - Retry failure forever
mars - ERROR  - 20260807.173153 - Error code is -7776
mars - WARN   - 20260807.173153 - Sleeping 4 minutes
mars - INFO   - 20260807.173553 - Calling mars on 'marsrd-core', local port is 42289
mars - INFO   - 20260807.173553 - Callback at address 10.100.192.162, port 42289
mars - INFO   - 20260807.173553 - Mars client is on ac6-162.bullx (10.100.192.162) 42289
mars - INFO   - 20260807.173553 - Mars server is on 10.112.4.10 45677
mars - INFO   - 20260807.173553 - Server task is 9706 [marsrd]
mars - INFO   - 20260807.173553 - Request cost: 45,136 fields, 1.65557 Gbytes online, 20.365 Gbytes on 1 tape, nodes: hpss mvr011, libraries: ibmlib07_70 [marsrd]
mars - INFO   - 20260807.173553 - The efficiency of your requests in the last 12 hours is 42% [marsrd]
mars - INFO   - 20260807.173553 - Wind conversion requested by server
mars - ERROR  - 20260807.180835 - Mars server task finished in error
mars - ERROR  - 20260807.180835 - Double buffer error: Failed HPSS call: n = ::hpss_Read(fd_, buffer, size), path = /mars/prod/rd/7/marsrdoper/iyw7/fc.20220519.ml.20607758.20260726.125305, volume = F0363700 in  (/home/cloud-user/git/mars-hpss/src/mars/hpss/HPSSReadHandle.cc:308 read1) (Input/output error err=-5 function=API_core_ReadFile request=e0bc2a078e366e4db780bfce7da0ae2a)(RemoteException from Connector[mvr004,bods1-ag0519:9701]) [marsrd]
mars - WARN   - 20260807.180835 - Retry failure forever
mars - ERROR  - 20260807.180835 - Error code is -7776
mars - WARN   - 20260807.180835 - Sleeping 6 minutes
mars - INFO   - 20260807.181435 - Calling mars on 'marsrd-core', local port is 55435
mars - INFO   - 20260807.181435 - Callback at address 10.100.192.162, port 55435
mars - INFO   - 20260807.181436 - Mars client is on ac6-162.bullx (10.100.192.162) 55435
mars - INFO   - 20260807.181436 - Mars server is on 10.112.4.10 47947
mars - INFO   - 20260807.181436 - Server task is 3750 [marsrd]
mars - INFO   - 20260807.181436 - Request cost: 45,136 fields, 1.65557 Gbytes online, 20.365 Gbytes on 1 tape, nodes: hpss mvr011, libraries: ibmlib07_70 [marsrd]
mars - INFO   - 20260807.181436 - The efficiency of your requests in the last 12 hours is 41% [marsrd]
mars - INFO   - 20260807.181436 - Wind conversion requested by server
mars - ERROR  - 20260807.184514 - Mars server task finished in error
mars - ERROR  - 20260807.184514 - Double buffer error: Failed HPSS call: n = ::hpss_Read(fd_, buffer, size), path = /mars/prod/rd/7/marsrdoper/iyw7/fc.20220519.ml.20607758.20260726.125305, volume = F0363700 in  (/home/cloud-user/git/mars-hpss/src/mars/hpss/HPSSReadHandle.cc:308 read1) (Input/output error err=-5 function=API_core_ReadFile request=1fed622960f96249b52a140df3e3165b)(RemoteException from Connector[mvr004,bods1-ag0519:9701]) [marsrd]
mars - WARN   - 20260807.184514 - Retry failure forever
mars - ERROR  - 20260807.184514 - Error code is -7776
mars - WARN   - 20260807.184514 - Sleeping 8 minutes
mars - INFO   - 20260807.185314 - Calling mars on 'marsrd-core', local port is 41943
mars - INFO   - 20260807.185314 - Callback at address 10.100.192.162, port 41943
mars - INFO   - 20260807.185314 - Mars client is on ac6-162.bullx (10.100.192.162) 41943
mars - INFO   - 20260807.185314 - Mars server is on 10.112.4.10 40923
mars - INFO   - 20260807.185314 - Server task is 7318 [marsrd]
mars - INFO   - 20260807.185314 - Request cost: 45,136 fields, 1.65557 Gbytes online, 20.365 Gbytes on 1 tape, nodes: hpss mvr011, libraries: ibmlib07_70 [marsrd]
mars - INFO   - 20260807.185314 - The efficiency of your requests in the last 12 hours is 41% [marsrd]
mars - INFO   - 20260807.185314 - Wind conversion requested by server
mars - ERROR  - 20260807.192142 - Mars server task finished in error
mars - ERROR  - 20260807.192142 - Double buffer error: Failed HPSS call: n = ::hpss_Read(fd_, buffer, size), path = /mars/prod/rd/7/marsrdoper/iyw7/fc.20220519.ml.20607758.20260726.125305, volume = F0363700 in  (/home/cloud-user/git/mars-hpss/src/mars/hpss/HPSSReadHandle.cc:308 read1) (Input/output error err=-5 function=API_core_ReadFile request=2f00c5b66d5d4e48bbd3b2393b748976)(RemoteException from Connector[mvr004,bods1-ag0519:9701]) [marsrd]
mars - WARN   - 20260807.192142 - Retry failure forever
mars - ERROR  - 20260807.192142 - Error code is -7776
mars - WARN   - 20260807.192142 - Sleeping 10 minutes
mars - INFO   - 20260807.193142 - Calling mars on 'marsrd-core', local port is 33299
mars - INFO   - 20260807.193142 - Callback at address 10.100.192.162, port 33299
mars - INFO   - 20260807.193142 - Mars client is on ac6-162.bullx (10.100.192.162) 33299
mars - INFO   - 20260807.193142 - Mars server is on 10.112.4.10 41423
mars - INFO   - 20260807.193142 - Server task is 9969 [marsrd]
mars - INFO   - 20260807.193142 - Request cost: 45,136 fields, 1.65557 Gbytes online, 20.365 Gbytes on 1 tape, nodes: hpss mvr011, libraries: ibmlib07_70 [marsrd]
mars - INFO   - 20260807.193142 - The efficiency of your requests in the last 12 hours is 40% [marsrd]
mars - INFO   - 20260807.193142 - Wind conversion requested by server
mars - ERROR  - 20260807.195820 - Mars server task finished in error
mars - ERROR  - 20260807.195820 - Double buffer error: Failed HPSS call: n = ::hpss_Read(fd_, buffer, size), path = /mars/prod/rd/7/marsrdoper/iyw7/fc.20220519.ml.20607758.20260726.125305, volume = F0363700 in  (/home/cloud-user/git/mars-hpss/src/mars/hpss/HPSSReadHandle.cc:308 read1) (Input/output error err=-5 function=API_core_ReadFile request=cfdd625b9445934294f569337612ef1b)(RemoteException from Connector[mvr011,bods1-ab0610:9701]) [marsrd]
mars - WARN   - 20260807.195820 - Retry failure forever
mars - ERROR  - 20260807.195820 - Error code is -7776
mars - WARN   - 20260807.195820 - Sleeping 12 minutes
mars - INFO   - 20260807.201020 - Calling mars on 'marsrd-core', local port is 37981
mars - INFO   - 20260807.201020 - Callback at address 10.100.192.162, port 37981
mars - INFO   - 20260807.201020 - Mars client is on ac6-162.bullx (10.100.192.162) 37981
mars - INFO   - 20260807.201020 - Mars server is on 10.112.4.10 49993
mars - INFO   - 20260807.201020 - Server task is 3997 [marsrd]
mars - INFO   - 20260807.201020 - Request cost: 45,136 fields, 1.65557 Gbytes online, 20.365 Gbytes on 1 tape, nodes: hpss mvr011, libraries: ibmlib07_70 [marsrd]
mars - INFO   - 20260807.201020 - The efficiency of your requests in the last 12 hours is 39% [marsrd]
mars - INFO   - 20260807.201020 - Wind conversion requested by server
mars - ERROR  - 20260807.203522 - Mars server task finished in error
mars - ERROR  - 20260807.203522 - Double buffer error: Failed HPSS call: n = ::hpss_Read(fd_, buffer, size), path = /mars/prod/rd/7/marsrdoper/iyw7/fc.20220519.ml.20607758.20260726.125305, volume = F0363700 in  (/home/cloud-user/git/mars-hpss/src/mars/hpss/HPSSReadHandle.cc:308 read1) (Input/output error err=-5 function=API_core_ReadFile request=3f4333bcbe94a04f821e5f476e82b952)(RemoteException from Connector[mvr010,bods1-ag0510:9701]) [marsrd]
mars - WARN   - 20260807.203522 - Retry failure forever
mars - ERROR  - 20260807.203522 - Error code is -7776
mars - WARN   - 20260807.203522 - Sleeping 14 minutes
mars - INFO   - 20260807.204922 - Calling mars on 'marsrd-core', local port is 60279
mars - INFO   - 20260807.204922 - Callback at address 10.100.192.162, port 60279
mars - INFO   - 20260807.204922 - Mars client is on ac6-162.bullx (10.100.192.162) 60279
mars - INFO   - 20260807.204922 - Mars server is on 10.112.4.10 60059
mars - INFO   - 20260807.204922 - Server task is 5167 [marsrd]
mars - INFO   - 20260807.204922 - Request cost: 45,136 fields, 1.65557 Gbytes online, 20.365 Gbytes on 1 tape, nodes: hpss mvr011, libraries: ibmlib07_70 [marsrd]
mars - INFO   - 20260807.204922 - The efficiency of your requests in the last 12 hours is 39% [marsrd]
mars - INFO   - 20260807.204922 - Wind conversion requested by server
mars - ERROR  - 20260807.211218 - Mars server task finished in error
mars - ERROR  - 20260807.211218 - Double buffer error: Failed HPSS call: n = ::hpss_Read(fd_, buffer, size), path = /mars/prod/rd/7/marsrdoper/iyw7/fc.20220519.ml.20607758.20260726.125305, volume = F0363700 in  (/home/cloud-user/git/mars-hpss/src/mars/hpss/HPSSReadHandle.cc:308 read1) (Input/output error err=-5 function=API_core_ReadFile request=f3934c006e2bcb408e08d1a1c77e023e)(RemoteException from Connector[mvr013,bods1-ab0613:9701]) [marsrd]
mars - WARN   - 20260807.211218 - Retry failure forever
mars - ERROR  - 20260807.211218 - Error code is -7776
mars - WARN   - 20260807.211218 - Sleeping 16 minutes
mars - INFO   - 20260807.212818 - Calling mars on 'marsrd-core', local port is 50377
mars - INFO   - 20260807.212818 - Callback at address 10.100.192.162, port 50377
mars - INFO   - 20260807.212818 - Mars client is on ac6-162.bullx (10.100.192.162) 50377
mars - INFO   - 20260807.212818 - Mars server is on 10.112.4.10 40559
mars - INFO   - 20260807.212818 - Server task is 8469 [marsrd]
mars - INFO   - 20260807.212818 - Request cost: 45,136 fields, 1.65557 Gbytes online, 20.365 Gbytes on 1 tape, nodes: hpss mvr011, libraries: ibmlib07_70 [marsrd]
mars - INFO   - 20260807.212818 - The efficiency of your requests in the last 12 hours is 39% [marsrd]
mars - INFO   - 20260807.212818 - Wind conversion requested by server
mars - ERROR  - 20260807.214921 - Mars server task finished in error
mars - ERROR  - 20260807.214921 - Double buffer error: Failed HPSS call: n = ::hpss_Read(fd_, buffer, size), path = /mars/prod/rd/7/marsrdoper/iyw7/fc.20220519.ml.20607758.20260726.125305, volume = F0363700 in  (/home/cloud-user/git/mars-hpss/src/mars/hpss/HPSSReadHandle.cc:308 read1) (Input/output error err=-5 function=API_core_ReadFile request=f48629a8e403804eb67e39913208cbea)(RemoteException from Connector[mvr010,bods1-ag0510:9701]) [marsrd]
mars - WARN   - 20260807.214921 - Retry failure forever
mars - ERROR  - 20260807.214921 - Error code is -7776
mars - WARN   - 20260807.214921 - Sleeping 18 minutes
mars - INFO   - 20260807.220721 - Calling mars on 'marsrd-core', local port is 51789
mars - INFO   - 20260807.220721 - Callback at address 10.100.192.162, port 51789
mars - INFO   - 20260807.220721 - Mars client is on ac6-162.bullx (10.100.192.162) 51789
mars - INFO   - 20260807.220721 - Mars server is on 10.112.4.10 60001
mars - INFO   - 20260807.220721 - Server task is 6081 [marsrd]
mars - INFO   - 20260807.220721 - Request cost: 45,136 fields, 1.65557 Gbytes online, 20.365 Gbytes on 1 tape, nodes: hpss mvr011, libraries: ibmlib07_70 [marsrd]
mars - INFO   - 20260807.220721 - The efficiency of your requests in the last 12 hours is 34% [marsrd]
mars - INFO   - 20260807.220721 - Wind conversion requested by server
mars - ERROR  - 20260807.222626 - Mars server task finished in error
mars - ERROR  - 20260807.222626 - Double buffer error: Failed HPSS call: n = ::hpss_Read(fd_, buffer, size), path = /mars/prod/rd/7/marsrdoper/iyw7/fc.20220519.ml.20607758.20260726.125305, volume = F0363700 in  (/home/cloud-user/git/mars-hpss/src/mars/hpss/HPSSReadHandle.cc:308 read1) (Input/output error err=-5 function=API_core_ReadFile request=a3adb3292d66f64eb0ac171b334e2ee4)(RemoteException from Connector[mvr012,bods1-ab0611:9701]) [marsrd]
mars - WARN   - 20260807.222626 - Retry failure forever
mars - ERROR  - 20260807.222626 - Error code is -7776
mars - WARN   - 20260807.222626 - Sleeping 20 minutes
mars - INFO   - 20260807.224626 - Calling mars on 'marsrd-core', local port is 36427
mars - INFO   - 20260807.224626 - Callback at address 10.100.192.162, port 36427
mars - INFO   - 20260807.224626 - Mars client is on ac6-162.bullx (10.100.192.162) 36427
mars - INFO   - 20260807.224626 - Mars server is on 10.112.4.10 53859
mars - INFO   - 20260807.224626 - Server task is 3664 [marsrd]
mars - INFO   - 20260807.224626 - Request cost: 45,136 fields, 1.65557 Gbytes online, 20.365 Gbytes on 1 tape, nodes: hpss mvr011, libraries: ibmlib07_70 [marsrd]
mars - INFO   - 20260807.224626 - The efficiency of your requests in the last 12 hours is 34% [marsrd]
mars - INFO   - 20260807.224626 - Wind conversion requested by server
mars - ERROR  - 20260807.230449 - Mars server task finished in error
mars - ERROR  - 20260807.230449 - Double buffer error: Failed HPSS call: n = ::hpss_Read(fd_, buffer, size), path = /mars/prod/rd/7/marsrdoper/iyw7/fc.20220519.ml.20607758.20260726.125305, volume = F0363700 in  (/home/cloud-user/git/mars-hpss/src/mars/hpss/HPSSReadHandle.cc:308 read1) (Input/output error err=-5 function=API_core_ReadFile request=69b95f75b7535f4b83470779d807726d)(RemoteException from Connector[mvr012,bods1-ab0611:9701]) [marsrd]
mars - WARN   - 20260807.230449 - Retry failure forever
mars - ERROR  - 20260807.230449 - Error code is -7776
mars - WARN   - 20260807.230449 - Sleeping 20 minutes
mars - INFO   - 20260807.232449 - Calling mars on 'marsrd-core', local port is 49559
mars - INFO   - 20260807.232449 - Callback at address 10.100.192.162, port 49559
mars - INFO   - 20260807.232453 - Mars client is on ac6-162.bullx (10.100.192.162) 49559
mars - INFO   - 20260807.232453 - Mars server is on 10.112.4.10 38727
mars - INFO   - 20260807.232453 - Server task is 4932 [marsrd]
mars - INFO   - 20260807.232453 - Request cost: 45,136 fields, 1.65557 Gbytes online, 20.365 Gbytes on 1 tape, nodes: hpss mvr011, libraries: ibmlib07_70 [marsrd]
mars - INFO   - 20260807.232453 - The efficiency of your requests in the last 12 hours is 27% [marsrd]
mars - INFO   - 20260807.232458 - Wind conversion requested by server
mars - ERROR  - 20260807.234434 - Mars server task finished in error
mars - ERROR  - 20260807.234434 - Double buffer error: Failed HPSS call: n = ::hpss_Read(fd_, buffer, size), path = /mars/prod/rd/7/marsrdoper/iyw7/fc.20220519.ml.20607758.20260726.125305, volume = F0363700 in  (/home/cloud-user/git/mars-hpss/src/mars/hpss/HPSSReadHandle.cc:308 read1) (Input/output error err=-5 function=API_core_ReadFile request=903d9e23c131f74eb3868ed154cfbf4d)(RemoteException from Connector[mvr000,bods1-ab0608:9701]) [marsrd]
mars - WARN   - 20260807.234434 - Retry failure forever
mars - ERROR  - 20260807.234434 - Error code is -7776
mars - WARN   - 20260807.234434 - Sleeping 20 minutes
mars - INFO   - 20260808.000434 - Calling mars on 'marsrd-core', local port is 58105
mars - INFO   - 20260808.000434 - Callback at address 10.100.192.162, port 58105
mars - INFO   - 20260808.000439 - Mars client is on ac6-162.bullx (10.100.192.162) 58105
mars - INFO   - 20260808.000439 - Mars server is on 10.112.4.10 51357
mars - INFO   - 20260808.000439 - Server task is 5404 [marsrd]
mars - INFO   - 20260808.000439 - Request cost: 45,136 fields, 1.65557 Gbytes online, 20.365 Gbytes on 1 tape, nodes: hpss mvr011, libraries: ibmlib07_70 [marsrd]
mars - INFO   - 20260808.000439 - The efficiency of your requests in the last 12 hours is 18% [marsrd]
mars - WARN   - 20260808.000439 - Please see https://confluence.ecmwf.int/x/rxRtD in order to improve the efficiency of your requests [marsrd]
mars - INFO   - 20260808.000439 - Wind conversion requested by server
mars - ERROR  - 20260808.002306 - Mars server task finished in error
mars - ERROR  - 20260808.002306 - Double buffer error: Failed HPSS call: n = ::hpss_Read(fd_, buffer, size), path = /mars/prod/rd/7/marsrdoper/iyw7/fc.20220519.ml.20607758.20260726.125305, volume = F0363700 in  (/home/cloud-user/git/mars-hpss/src/mars/hpss/HPSSReadHandle.cc:308 read1) (Input/output error err=-5 function=API_core_ReadFile request=b7ca595e6ac36d4496e25119bdf4e2eb)(RemoteException from Connector[mvr011,bods1-ab0610:9701]) [marsrd]
mars - WARN   - 20260808.002306 - Retry failure forever
mars - ERROR  - 20260808.002306 - Error code is -7776
mars - WARN   - 20260808.002306 - Sleeping 20 minutes
mars - INFO   - 20260808.004306 - Calling mars on 'marsrd-core', local port is 36449
mars - INFO   - 20260808.004306 - Callback at address 10.100.192.162, port 36449
mars - INFO   - 20260808.004306 - Mars client is on ac6-162.bullx (10.100.192.162) 36449
mars - INFO   - 20260808.004306 - Mars server is on 10.112.4.10 35231
mars - INFO   - 20260808.004306 - Server task is 1389 [marsrd]
mars - INFO   - 20260808.004306 - Request cost: 45,136 fields, 1.65557 Gbytes online, 20.365 Gbytes on 1 tape, nodes: hpss mvr011, libraries: ibmlib07_70 [marsrd]
mars - INFO   - 20260808.004306 - The efficiency of your requests in the last 12 hours is 18% [marsrd]
mars - WARN   - 20260808.004306 - Please see https://confluence.ecmwf.int/x/rxRtD in order to improve the efficiency of your requests [marsrd]
mars - INFO   - 20260808.004306 - Wind conversion requested by server
mars - ERROR  - 20260808.012837 - Mars server task finished in error
mars - ERROR  - 20260808.012837 - Double buffer error: Failed HPSS call: n = ::hpss_Read(fd_, buffer, size), path = /mars/prod/rd/7/marsrdoper/iyw7/fc.20220519.ml.20607758.20260726.125305, volume = F0363700 in  (/home/cloud-user/git/mars-hpss/src/mars/hpss/HPSSReadHandle.cc:308 read1) (Input/output error err=-1604 function=API_core_ReadFile request=6e7ecd3bb3f48642a17e9fe426f11847)(RemoteException from Connector[mvr008,bods1-ag0513:9701]) [marsrd]
mars - WARN   - 20260808.012837 - Retry failure forever
mars - ERROR  - 20260808.012837 - Error code is -7776
mars - WARN   - 20260808.012837 - Sleeping 20 minutes
mars - INFO   - 20260808.014837 - Calling mars on 'marsrd-core', local port is 33497
mars - INFO   - 20260808.014837 - Callback at address 10.100.192.162, port 33497
mars - INFO   - 20260808.014837 - Mars client is on ac6-162.bullx (10.100.192.162) 33497
mars - INFO   - 20260808.014837 - Mars server is on 10.112.4.10 43945
mars - INFO   - 20260808.014837 - Server task is 5075 [marsrd]
mars - INFO   - 20260808.014837 - Request cost: 45,136 fields, 22.0205 Gbytes online, nodes: mvr009 mvr011 [marsrd]
mars - INFO   - 20260808.014837 - The efficiency of your requests in the last 12 hours is 8% [marsrd]
mars - WARN   - 20260808.014837 - Please see https://confluence.ecmwf.int/x/rxRtD in order to improve the efficiency of your requests [marsrd]
mars - INFO   - 20260808.014837 - Wind conversion requested by server
mars - INFO   - 20260808.014837 - Transfering 23644369670 bytes
mars - INFO   - 20260808.014839 - ShToGridded: loading Legendre coefficients '/lus/h2resw01/cache/mir/legendre/4/local-T399-GaussianN400-OPT4189816c2e.leg'
mars - INFO   - 20260808.014858 - Deriving U and V from vorticity and divergence
mars - WARN   - 20260808.015954 - Visiting database marsrd : expected 59020, got 47450
mars - INFO   - 20260808.015954 - 47450 fields have been interpolated on 'ac6-162.bullx'
mars - ERROR  - 20260808.015954 - Last error is -43
mars - ERROR  - 20260808.015954 - Expected 59020, got 47450.
mars - ERROR  - 20260808.015954 - Request failed
mars - INFO   - 20260808.015954 - Request time:  wall: 8 hour 46 min 21 sec  cpu: 10 min 54 sec 
mars - INFO   - 20260808.015954 -   Read from network: 22.02 Gbyte(s) in 19 sec  [1.19 Gbyte/sec] 
mars - INFO   - 20260808.015954 -   Processing in marsrd: wall: 5 hour 27 min 4 sec 
mars - INFO   - 20260808.015954 -   Visiting marsrd: wall: 8 hour 46 min 20 sec 
mars - INFO   - 20260808.015954 -   Post-processing: wall: 8 min 44 sec cpu: 8 min 22 sec 
mars - INFO   - 20260808.015954 -   Writing to target file: 64.63 Mbyte(s) in 1 sec  [57.84 Mbyte/sec] cpu: 1 sec 
mars - INFO   - 20260808.015954 - Memory used: 133.96 Mbyte(s)
mars - ERROR  - 20260808.015954 - Some errors reported (last error -1)
grib_to_netcdf: Version 2.47.0
grib_to_netcdf: Processing input file 'mars_ml_ctrl_49r2b.grb'.
grib_to_netcdf: Found 47450 GRIB fields in 1 file.
grib_to_netcdf: Ignoring key(s): method, type, stream, refdate, hdate
grib_to_netcdf: Creating netCDF file 'iyw7_ctrl_49r2b_ml_20220519_12.nc'
grib_to_netcdf: NetCDF library version: 4.10.0 of Apr  9 2026 13:13:33 $
grib_to_netcdf: Creating large (64 bit) file format.
grib_to_netcdf: Defining variable 'crwc'.
grib_to_netcdf: Defining variable 'p82'.
grib_to_netcdf: Defining variable 'p83'.
grib_to_netcdf: Defining variable 'p84'.
grib_to_netcdf: Defining variable 'p85'.
grib_to_netcdf: Defining variable 'p86'.
grib_to_netcdf: Defining variable 'p87'.
grib_to_netcdf: Defining variable 'p88'.
grib_to_netcdf: Defining variable 'p89'.
grib_to_netcdf: Defining variable 'p90'.
grib_to_netcdf: Defining variable 'p91'.
grib_to_netcdf: Defining variable 'p92'.
grib_to_netcdf: Defining variable 'p93'.
grib_to_netcdf: Defining variable 'p94'.
grib_to_netcdf: Defining variable 'p95'.
grib_to_netcdf: Defining variable 'p96'.
grib_to_netcdf: Defining variable 'p97'.
grib_to_netcdf: Defining variable 'p98'.
grib_to_netcdf: Defining variable 'p99'.
grib_to_netcdf: Defining variable 'p100'.
grib_to_netcdf: Defining variable 'p101'.
grib_to_netcdf: Defining variable 'p102'.
grib_to_netcdf: Defining variable 'p103'.
grib_to_netcdf: Defining variable 'p104'.
grib_to_netcdf: Defining variable 'p105'.
grib_to_netcdf: Defining variable 'p106'.
grib_to_netcdf: Defining variable 'p107'.
grib_to_netcdf: Defining variable 'p108'.
grib_to_netcdf: Defining variable 'p109'.
grib_to_netcdf: Defining variable 'p110'.
grib_to_netcdf: Defining variable 'p111'.
grib_to_netcdf: Defining variable 't'.
grib_to_netcdf: Defining variable 'q'.
grib_to_netcdf: Defining variable 'w'.
grib_to_netcdf: Defining variable 'vo'.
grib_to_netcdf: Defining variable 'lnsp'.
grib_to_netcdf: Defining variable 'd'.
grib_to_netcdf: Defining variable 'u'.
grib_to_netcdf: Defining variable 'v'.
grib_to_netcdf: Defining variable 'clwc'.
grib_to_netcdf: Defining variable 'co2'.
grib_to_netcdf: Defining variable 'ch4'.
grib_to_netcdf: Done.
Model level selected
mars - WARN - 
mars - WARN - 
MIR environment variables:
MIR_CACHE_PATH=/lus/h2resw01/cache:{FILE?/ec/cache.1}/cache:{FILE?/ec/cache.2}/cache
MIR_LSM_NAMED=1km.climate.v013
Using MARS binary: /usr/local/apps/mars/versions/6.34.7.1/bin/mars.bin
mars - INFO   - 20260808.020237 - Welcome to MARS
mars - INFO   - 20260808.020237 - MARS_HOME=/usr/local/apps/mars/configs/prod
mars - INFO   - 20260808.020237 - MARS Client build stamp: 20260623091402
mars - INFO   - 20260808.020237 - MARS Client bundle version: 6.34.7.1
mars - INFO   - 20260808.020237 - package mars-client version: 6.34.7
mars - INFO   - 20260808.020237 - package mir version: 1.23.9
mars - INFO   - 20260808.020237 - package odc version: 1.6.3
mars - INFO   - 20260808.020237 - package fdb version: 5.21.4
mars - INFO   - 20260808.020237 - package metkit version: 1.18.3
mars - INFO   - 20260808.020237 - package eckit version: 2.0.8
mars - INFO   - 20260808.020237 - package eccodes version: 2.47.2
# First retrieve profiles
retrieve,
anoffset=9,
class=rd,
date=20220520,
expver=iyw7,
levelist=1/50/51/52/53/54/55/56/57/58/59/60/61/62/63/64/65/66/67/68/69/70/71/72/73/74/75/76/77/78/79/80/81/82/83/84/85/86/87/88/89/90/91/92/93/94/95/96/97/98/99/100/101/102/103/104/105/106/107/108/109/110/111/112/113/114/115/116/117/118/119/120/121/122/123/124/125/126/127/128/129/130/131/132/133/134/135/136/137,
levtype=ml,
param=75/82/83/84/85/86/87/88/89/90/91/92/93/94/95/96/97/98/99/100/101/102/103/104/105/106/107/108/109/110/111/130/131/132/133/135/138/152/155/246/162100/162101/162104/162105/162106/162107/162109/210061/210062/210123/210181/217026,
step=0/1/2/3/4/5/6/7/8/9/10/11/12,
stream=oper,
time=00:00:00,
type=fc,
grid=0.2/0.2,
area=48.3/10.5/47.3/11.5,
interpolation=grid-box-average,
target="mars_ml_ctrl_49r2b.grb"

mars - INFO   - 20260808.020237 - Processing request 1

RETRIEVE,
    CLASS      = RD,
    TYPE       = FC,
    STREAM     = OPER,
    EXPVER     = iyw7,
    REPRES     = SH,
    LEVTYPE    = ML,
    LEVELIST   = 1/50/51/52/53/54/55/56/57/58/59/60/61/62/63/64/65/66/67/68/69/70/71/72/73/74/75/76/77/78/79/80/81/82/83/84/85/86/87/88/89/90/91/92/93/94/95/96/97/98/99/100/101/102/103/104/105/106/107/108/109/110/111/112/113/114/115/116/117/118/119/120/121/122/123/124/125/126/127/128/129/130/131/132/133/134/135/136/137,
    PARAM      = 75/82/83/84/85/86/87/88/89/90/91/92/93/94/95/96/97/98/99/100/101/102/103/104/105/106/107/108/109/110/111/130/131/132/133/135/138/152/155/246/162100/162101/162104/162105/162106/162107/162109/210061/210062/210123/210181/217026,
    DATE       = 20220520,
    TIME       = 0000,
    STEP       = 0/1/2/3/4/5/6/7/8/9/10/11/12,
    DOMAIN     = G,
    TARGET     = "mars_ml_ctrl_49r2b.grb",
    RESOL      = AUTO,
    INTERPOLATION = GRID-BOX-AVERAGE,
    AREA       = 48.3/10.5/47.3/11.5,
    GRID       = 0.2/0.2

mars - INFO   - 20260808.020238 - Requesting 59020 fields
mars - INFO   - 20260808.020238 - FDB home /home/fdbprod
mars - INFO   - 20260808.020238 - Setting SO_SNDBUF to 33554432 (32.00 M)
mars - INFO   - 20260808.020238 - Current value is 32768 (32.00 K)
mars - INFO   - 20260808.020238 - Setting SO_RCVBUF to 33554432 (32.00 M)
mars - INFO   - 20260808.020238 - Current value is 43690 (42.67 K)
mars - INFO   - 20260808.020238 - Calling mars on 'marsrd-core', local port is 44825
mars - INFO   - 20260808.020238 - Callback at address 10.100.192.162, port 44825
mars - INFO   - 20260808.020241 - Mars client is on ac6-162.bullx (10.100.192.162) 44825
mars - INFO   - 20260808.020241 - Mars server is on 10.112.4.10 34943
mars - INFO   - 20260808.020241 - Server task is 7559 [marsrd]
mars - INFO   - 20260808.020241 - Request cost: 45,136 fields, 20.1953 Gbytes on 1 tape, nodes: hpss, libraries: ibmlib07_70 [marsrd]
mars - INFO   - 20260808.020241 - The efficiency of your requests in the last 12 hours is 6% [marsrd]
mars - WARN   - 20260808.020241 - Please see https://confluence.ecmwf.int/x/rxRtD in order to improve the efficiency of your requests [marsrd]
mars - INFO   - 20260808.020241 - Wind conversion requested by server
mars - INFO   - 20260808.021747 - Transfering 21684566741 bytes
mars - INFO   - 20260808.021747 - ShToGridded: loading Legendre coefficients '/lus/h2resw01/cache/mir/legendre/4/local-T399-GaussianN400-OPT4189816c2e.leg'
mars - INFO   - 20260808.021748 - Deriving U and V from vorticity and divergence
mars - WARN   - 20260808.022852 - Visiting database marsrd : expected 59020, got 47450
mars - INFO   - 20260808.022852 - 47450 fields have been interpolated on 'ac6-162.bullx'
mars - ERROR  - 20260808.022852 - Last error is -43
mars - ERROR  - 20260808.022852 - Expected 59020, got 47450.
mars - ERROR  - 20260808.022852 - Request failed
mars - INFO   - 20260808.022852 - Request time:  wall: 26 min 15 sec  cpu: 10 min 38 sec 
mars - INFO   - 20260808.022852 -   Read from network: 20.20 Gbyte(s) in 18 sec  [1.14 Gbyte/sec] 
mars - INFO   - 20260808.022852 -   Processing in marsrd: wall: 15 min 8 sec 
mars - INFO   - 20260808.022852 -   Visiting marsrd: wall: 26 min 14 sec 
mars - INFO   - 20260808.022852 -   Post-processing: wall: 8 min 33 sec cpu: 8 min 7 sec 
mars - INFO   - 20260808.022852 -   Writing to target file: 64.16 Mbyte(s) in 1 sec  [53.31 Mbyte/sec] cpu: 1 sec 
mars - INFO   - 20260808.022852 - Memory used: 140.87 Mbyte(s)
mars - ERROR  - 20260808.022852 - Some errors reported (last error -1)
grib_to_netcdf: Version 2.47.0
grib_to_netcdf: Processing input file 'mars_ml_ctrl_49r2b.grb'.
grib_to_netcdf: Found 47450 GRIB fields in 1 file.
grib_to_netcdf: Ignoring key(s): method, type, stream, refdate, hdate
grib_to_netcdf: Creating netCDF file 'iyw7_ctrl_49r2b_ml_20220520_0.nc'
grib_to_netcdf: NetCDF library version: 4.10.0 of Apr  9 2026 13:13:33 $
grib_to_netcdf: Creating large (64 bit) file format.
grib_to_netcdf: Defining variable 'crwc'.
grib_to_netcdf: Defining variable 'p82'.
grib_to_netcdf: Defining variable 'p83'.
grib_to_netcdf: Defining variable 'p84'.
grib_to_netcdf: Defining variable 'p85'.
grib_to_netcdf: Defining variable 'p86'.
grib_to_netcdf: Defining variable 'p87'.
grib_to_netcdf: Defining variable 'p88'.
grib_to_netcdf: Defining variable 'p89'.
grib_to_netcdf: Defining variable 'p90'.
grib_to_netcdf: Defining variable 'p91'.
grib_to_netcdf: Defining variable 'p92'.
grib_to_netcdf: Defining variable 'p93'.
grib_to_netcdf: Defining variable 'p94'.
grib_to_netcdf: Defining variable 'p95'.
grib_to_netcdf: Defining variable 'p96'.
grib_to_netcdf: Defining variable 'p97'.
grib_to_netcdf: Defining variable 'p98'.
grib_to_netcdf: Defining variable 'p99'.
grib_to_netcdf: Defining variable 'p100'.
grib_to_netcdf: Defining variable 'p101'.
grib_to_netcdf: Defining variable 'p102'.
grib_to_netcdf: Defining variable 'p103'.
grib_to_netcdf: Defining variable 'p104'.
grib_to_netcdf: Defining variable 'p105'.
grib_to_netcdf: Defining variable 'p106'.
grib_to_netcdf: Defining variable 'p107'.
grib_to_netcdf: Defining variable 'p108'.
grib_to_netcdf: Defining variable 'p109'.
grib_to_netcdf: Defining variable 'p110'.
grib_to_netcdf: Defining variable 'p111'.
grib_to_netcdf: Defining variable 't'.
grib_to_netcdf: Defining variable 'q'.
grib_to_netcdf: Defining variable 'w'.
grib_to_netcdf: Defining variable 'vo'.
grib_to_netcdf: Defining variable 'lnsp'.
grib_to_netcdf: Defining variable 'd'.
grib_to_netcdf: Defining variable 'u'.
grib_to_netcdf: Defining variable 'v'.
grib_to_netcdf: Defining variable 'clwc'.
grib_to_netcdf: Defining variable 'co2'.
grib_to_netcdf: Defining variable 'ch4'.
grib_to_netcdf: Done.
Model level selected
mars - WARN - 
mars - WARN - 
MIR environment variables:
MIR_CACHE_PATH=/lus/h2resw01/cache:{FILE?/ec/cache.1}/cache:{FILE?/ec/cache.2}/cache
MIR_LSM_NAMED=1km.climate.v013
Using MARS binary: /usr/local/apps/mars/versions/6.34.7.1/bin/mars.bin
mars - INFO   - 20260808.023134 - Welcome to MARS
mars - INFO   - 20260808.023134 - MARS_HOME=/usr/local/apps/mars/configs/prod
mars - INFO   - 20260808.023134 - MARS Client build stamp: 20260623091402
mars - INFO   - 20260808.023134 - MARS Client bundle version: 6.34.7.1
mars - INFO   - 20260808.023134 - package mars-client version: 6.34.7
mars - INFO   - 20260808.023134 - package mir version: 1.23.9
mars - INFO   - 20260808.023134 - package odc version: 1.6.3
mars - INFO   - 20260808.023134 - package fdb version: 5.21.4
mars - INFO   - 20260808.023134 - package metkit version: 1.18.3
mars - INFO   - 20260808.023134 - package eckit version: 2.0.8
mars - INFO   - 20260808.023134 - package eccodes version: 2.47.2
# First retrieve profiles
retrieve,
anoffset=9,
class=rd,
date=20220520,
expver=iyw7,
levelist=1/50/51/52/53/54/55/56/57/58/59/60/61/62/63/64/65/66/67/68/69/70/71/72/73/74/75/76/77/78/79/80/81/82/83/84/85/86/87/88/89/90/91/92/93/94/95/96/97/98/99/100/101/102/103/104/105/106/107/108/109/110/111/112/113/114/115/116/117/118/119/120/121/122/123/124/125/126/127/128/129/130/131/132/133/134/135/136/137,
levtype=ml,
param=75/82/83/84/85/86/87/88/89/90/91/92/93/94/95/96/97/98/99/100/101/102/103/104/105/106/107/108/109/110/111/130/131/132/133/135/138/152/155/246/162100/162101/162104/162105/162106/162107/162109/210061/210062/210123/210181/217026,
step=12/13/14/15/16/17/18/19/20/21/22/23/24,
stream=oper,
time=00:00:00,
type=fc,
grid=0.2/0.2,
area=48.3/10.5/47.3/11.5,
interpolation=grid-box-average,
target="mars_ml_ctrl_49r2b.grb"

mars - INFO   - 20260808.023134 - Processing request 1

RETRIEVE,
    CLASS      = RD,
    TYPE       = FC,
    STREAM     = OPER,
    EXPVER     = iyw7,
    REPRES     = SH,
    LEVTYPE    = ML,
    LEVELIST   = 1/50/51/52/53/54/55/56/57/58/59/60/61/62/63/64/65/66/67/68/69/70/71/72/73/74/75/76/77/78/79/80/81/82/83/84/85/86/87/88/89/90/91/92/93/94/95/96/97/98/99/100/101/102/103/104/105/106/107/108/109/110/111/112/113/114/115/116/117/118/119/120/121/122/123/124/125/126/127/128/129/130/131/132/133/134/135/136/137,
    PARAM      = 75/82/83/84/85/86/87/88/89/90/91/92/93/94/95/96/97/98/99/100/101/102/103/104/105/106/107/108/109/110/111/130/131/132/133/135/138/152/155/246/162100/162101/162104/162105/162106/162107/162109/210061/210062/210123/210181/217026,
    DATE       = 20220520,
    TIME       = 0000,
    STEP       = 12/13/14/15/16/17/18/19/20/21/22/23/24,
    DOMAIN     = G,
    TARGET     = "mars_ml_ctrl_49r2b.grb",
    RESOL      = AUTO,
    INTERPOLATION = GRID-BOX-AVERAGE,
    AREA       = 48.3/10.5/47.3/11.5,
    GRID       = 0.2/0.2

mars - INFO   - 20260808.023134 - Requesting 59020 fields
mars - INFO   - 20260808.023134 - FDB home /home/fdbprod
mars - INFO   - 20260808.023134 - Setting SO_SNDBUF to 33554432 (32.00 M)
mars - INFO   - 20260808.023134 - Current value is 32768 (32.00 K)
mars - INFO   - 20260808.023134 - Setting SO_RCVBUF to 33554432 (32.00 M)
mars - INFO   - 20260808.023134 - Current value is 43690 (42.67 K)
mars - INFO   - 20260808.023134 - Calling mars on 'marsrd-core', local port is 45567
mars - INFO   - 20260808.023134 - Callback at address 10.100.192.162, port 45567
mars - INFO   - 20260808.023135 - Mars client is on ac6-162.bullx (10.100.192.162) 45567
mars - INFO   - 20260808.023135 - Mars server is on 10.112.4.10 52711
mars - INFO   - 20260808.023135 - Server task is 4498 [marsrd]
mars - INFO   - 20260808.023135 - Request cost: 45,136 fields, 1.66447 Gbytes online, 20.4473 Gbytes on 1 tape, nodes: hpss mvr004, libraries: ibmlib07_70 [marsrd]
mars - INFO   - 20260808.023135 - The efficiency of your requests in the last 12 hours is 6% [marsrd]
mars - WARN   - 20260808.023135 - Please see https://confluence.ecmwf.int/x/rxRtD in order to improve the efficiency of your requests [marsrd]
mars - INFO   - 20260808.023135 - Wind conversion requested by server
mars - INFO   - 20260808.023658 - Transfering 23742342726 bytes
mars - INFO   - 20260808.023659 - ShToGridded: loading Legendre coefficients '/lus/h2resw01/cache/mir/legendre/4/local-T399-GaussianN400-OPT4189816c2e.leg'
mars - INFO   - 20260808.023659 - Deriving U and V from vorticity and divergence
mars - WARN   - 20260808.024801 - Visiting database marsrd : expected 59020, got 47450
mars - INFO   - 20260808.024801 - 47450 fields have been interpolated on 'ac6-162.bullx'
mars - ERROR  - 20260808.024801 - Last error is -43
mars - ERROR  - 20260808.024801 - Expected 59020, got 47450.
mars - ERROR  - 20260808.024801 - Request failed
mars - INFO   - 20260808.024801 - Request time:  wall: 16 min 27 sec  cpu: 10 min 59 sec 
mars - INFO   - 20260808.024801 -   Read from network: 22.11 Gbyte(s) in 18 sec  [1.23 Gbyte/sec] 
mars - INFO   - 20260808.024801 -   Processing in marsrd: wall: 5 min 24 sec 
mars - INFO   - 20260808.024801 -   Visiting marsrd: wall: 16 min 27 sec 
mars - INFO   - 20260808.024801 -   Post-processing: wall: 8 min 29 sec cpu: 8 min 26 sec 
mars - INFO   - 20260808.024801 -   Writing to target file: 64.67 Mbyte(s) in 1 sec  [58.13 Mbyte/sec] cpu: 1 sec 
mars - INFO   - 20260808.024801 - Memory used: 140.90 Mbyte(s)
mars - ERROR  - 20260808.024801 - Some errors reported (last error -1)
grib_to_netcdf: Version 2.47.0
grib_to_netcdf: Processing input file 'mars_ml_ctrl_49r2b.grb'.
grib_to_netcdf: Found 47450 GRIB fields in 1 file.
grib_to_netcdf: Ignoring key(s): method, type, stream, refdate, hdate
grib_to_netcdf: Creating netCDF file 'iyw7_ctrl_49r2b_ml_20220520_12.nc'
grib_to_netcdf: NetCDF library version: 4.10.0 of Apr  9 2026 13:13:33 $
grib_to_netcdf: Creating large (64 bit) file format.
grib_to_netcdf: Defining variable 'crwc'.
grib_to_netcdf: Defining variable 'p82'.
grib_to_netcdf: Defining variable 'p83'.
grib_to_netcdf: Defining variable 'p84'.
grib_to_netcdf: Defining variable 'p85'.
grib_to_netcdf: Defining variable 'p86'.
grib_to_netcdf: Defining variable 'p87'.
grib_to_netcdf: Defining variable 'p88'.
grib_to_netcdf: Defining variable 'p89'.
grib_to_netcdf: Defining variable 'p90'.
grib_to_netcdf: Defining variable 'p91'.
grib_to_netcdf: Defining variable 'p92'.
grib_to_netcdf: Defining variable 'p93'.
grib_to_netcdf: Defining variable 'p94'.
grib_to_netcdf: Defining variable 'p95'.
grib_to_netcdf: Defining variable 'p96'.
grib_to_netcdf: Defining variable 'p97'.
grib_to_netcdf: Defining variable 'p98'.
grib_to_netcdf: Defining variable 'p99'.
grib_to_netcdf: Defining variable 'p100'.
grib_to_netcdf: Defining variable 'p101'.
grib_to_netcdf: Defining variable 'p102'.
grib_to_netcdf: Defining variable 'p103'.
grib_to_netcdf: Defining variable 'p104'.
grib_to_netcdf: Defining variable 'p105'.
grib_to_netcdf: Defining variable 'p106'.
grib_to_netcdf: Defining variable 'p107'.
grib_to_netcdf: Defining variable 'p108'.
grib_to_netcdf: Defining variable 'p109'.
grib_to_netcdf: Defining variable 'p110'.
grib_to_netcdf: Defining variable 'p111'.
grib_to_netcdf: Defining variable 't'.
grib_to_netcdf: Defining variable 'q'.
grib_to_netcdf: Defining variable 'w'.
grib_to_netcdf: Defining variable 'vo'.
grib_to_netcdf: Defining variable 'lnsp'.
grib_to_netcdf: Defining variable 'd'.
grib_to_netcdf: Defining variable 'u'.
grib_to_netcdf: Defining variable 'v'.
grib_to_netcdf: Defining variable 'clwc'.
grib_to_netcdf: Defining variable 'co2'.
grib_to_netcdf: Defining variable 'ch4'.
grib_to_netcdf: Done.
Done.
