[ECMWF-INFO -ecprofile] /usr/bin/bash NON_INTERACTIVE on ac6-138 at 20260807_082747.290, PID: 2301876, JOBID: 39336344
[ECMWF-INFO -ecprofile] $SCRATCH=/ec/res4/scratch/paaa
[ECMWF-INFO -ecprofile] $PERM=/perm/paaa
[ECMWF-INFO -ecprofile] $HPCPERM=/ec/res4/hpcperm/paaa
[ECMWF-INFO -ecprofile] $TMPDIR=/etc/ecmwf/ssd/ssd1/tmpdirs/paaa.39336344
[ECMWF-INFO -ecprofile] $SCRATCHDIR=/ec/res4/scratchdir/paaa/0/39336344
base_dir: /scratch/paaa/IFS/netherlands_2
subdomain: netherlands_2
exp_id: iyw7
exp_name: ctrl_49r2b
exp_type: fc
levels: ml
ldiagflx: False
ldiagflx_49r2b: True
ldiagghg: False
levitrac: False
lbud23: False
lead_time: 0
grid: 0.2/0.2
year: 2022
stream: oper
single_day: False
area: 52.5/4.8/51.5/5.8
param_ml: 75/82/83/84/85/86/87/88/89/90/91/92/93/94/95/96/97/98/99/100/101/102/103/104/105/106/107/108/109/110/111/130/131/132/133/135/138/152/155/246/162100/162101/162104/162105/162106/162107/162109/210061/210062/210123/210181/217026
Find your raw data in /scratch/paaa/IFS/netherlands_2/iyw7
Model level selected
mars - WARN - 
mars - WARN - 
MIR environment variables:
MIR_CACHE_PATH=/lus/h2resw01/cache:{FILE?/ec/cache.1}/cache:{FILE?/ec/cache.2}/cache
MIR_LSM_NAMED=1km.climate.v013
Using MARS binary: /usr/local/apps/mars/versions/6.34.7.1/bin/mars.bin
mars - INFO   - 20260807.082750 - Welcome to MARS
mars - INFO   - 20260807.082750 - MARS_HOME=/usr/local/apps/mars/configs/prod
mars - INFO   - 20260807.082750 - MARS Client build stamp: 20260623091402
mars - INFO   - 20260807.082750 - MARS Client bundle version: 6.34.7.1
mars - INFO   - 20260807.082750 - package mars-client version: 6.34.7
mars - INFO   - 20260807.082750 - package mir version: 1.23.9
mars - INFO   - 20260807.082750 - package odc version: 1.6.3
mars - INFO   - 20260807.082750 - package fdb version: 5.21.4
mars - INFO   - 20260807.082750 - package metkit version: 1.18.3
mars - INFO   - 20260807.082750 - package eckit version: 2.0.8
mars - INFO   - 20260807.082750 - package eccodes version: 2.47.2
# First retrieve profiles
retrieve,
anoffset=9,
class=rd,
date=20220515,
expver=iyw7,
levelist=1/50/51/52/53/54/55/56/57/58/59/60/61/62/63/64/65/66/67/68/69/70/71/72/73/74/75/76/77/78/79/80/81/82/83/84/85/86/87/88/89/90/91/92/93/94/95/96/97/98/99/100/101/102/103/104/105/106/107/108/109/110/111/112/113/114/115/116/117/118/119/120/121/122/123/124/125/126/127/128/129/130/131/132/133/134/135/136/137,
levtype=ml,
param=75/82/83/84/85/86/87/88/89/90/91/92/93/94/95/96/97/98/99/100/101/102/103/104/105/106/107/108/109/110/111/130/131/132/133/135/138/152/155/246/162100/162101/162104/162105/162106/162107/162109/210061/210062/210123/210181/217026,
step=0/1/2/3/4/5/6/7/8/9/10/11/12,
stream=oper,
time=00:00:00,
type=fc,
grid=0.2/0.2,
area=52.5/4.8/51.5/5.8,
interpolation=grid-box-average,
target="mars_ml_ctrl_49r2b.grb"

mars - INFO   - 20260807.082750 - Processing request 1

RETRIEVE,
    CLASS      = RD,
    TYPE       = FC,
    STREAM     = OPER,
    EXPVER     = iyw7,
    REPRES     = SH,
    LEVTYPE    = ML,
    LEVELIST   = 1/50/51/52/53/54/55/56/57/58/59/60/61/62/63/64/65/66/67/68/69/70/71/72/73/74/75/76/77/78/79/80/81/82/83/84/85/86/87/88/89/90/91/92/93/94/95/96/97/98/99/100/101/102/103/104/105/106/107/108/109/110/111/112/113/114/115/116/117/118/119/120/121/122/123/124/125/126/127/128/129/130/131/132/133/134/135/136/137,
    PARAM      = 75/82/83/84/85/86/87/88/89/90/91/92/93/94/95/96/97/98/99/100/101/102/103/104/105/106/107/108/109/110/111/130/131/132/133/135/138/152/155/246/162100/162101/162104/162105/162106/162107/162109/210061/210062/210123/210181/217026,
    DATE       = 20220515,
    TIME       = 0000,
    STEP       = 0/1/2/3/4/5/6/7/8/9/10/11/12,
    DOMAIN     = G,
    TARGET     = "mars_ml_ctrl_49r2b.grb",
    RESOL      = AUTO,
    INTERPOLATION = GRID-BOX-AVERAGE,
    AREA       = 52.5/4.8/51.5/5.8,
    GRID       = 0.2/0.2

mars - INFO   - 20260807.082750 - Requesting 59020 fields
mars - INFO   - 20260807.082750 - FDB home /home/fdbprod
mars - INFO   - 20260807.082751 - Setting SO_SNDBUF to 33554432 (32.00 M)
mars - INFO   - 20260807.082751 - Current value is 32768 (32.00 K)
mars - INFO   - 20260807.082751 - Setting SO_RCVBUF to 33554432 (32.00 M)
mars - INFO   - 20260807.082751 - Current value is 43690 (42.67 K)
mars - INFO   - 20260807.082751 - Calling mars on 'marsrd-core', local port is 59285
mars - INFO   - 20260807.082751 - Callback at address 10.100.192.138, port 59285
mars - INFO   - 20260807.082751 - Mars client is on ac6-138.bullx (10.100.192.138) 59285
mars - INFO   - 20260807.082751 - Mars server is on 10.112.4.10 56161
mars - INFO   - 20260807.082751 - Server task is 2636 [marsrd]
mars - INFO   - 20260807.082751 - Request cost: 45,136 fields, 20.0817 Gbytes on 1 tape, nodes: hpss, libraries: ibmlib07_70 [marsrd]
mars - INFO   - 20260807.082751 - The efficiency of your requests in the last 12 hours is 100% [marsrd]
mars - INFO   - 20260807.082751 - Wind conversion requested by server
mars - INFO   - 20260807.083044 - Transfering 21562538414 bytes
mars - INFO   - 20260807.083044 - Cache file /lus/h2resw01/cache/mir/weights/16/grid-box-average/3/R400-cf00bf9c1206305cdd0d2861e76931f3-89.8279:0:-89.8279:359.777/LL-0.2x0.2-52.5:4.8:51.5:5.8-f673e056c9568b99ec42a37cef597afb.mat does not exist
mars - INFO   - 20260807.083044 - Creating cache file /lus/h2resw01/cache/mir/weights/16/grid-box-average/3/R400-cf00bf9c1206305cdd0d2861e76931f3-89.8279:0:-89.8279:359.777/LL-0.2x0.2-52.5:4.8:51.5:5.8-f673e056c9568b99ec42a37cef597afb.mat
mars - INFO   - 20260807.083044 - CacheManager creating file /lus/h2resw01/cache/mir/weights/16/grid-box-average/3/R400-cf00bf9c1206305cdd0d2861e76931f3-89.8279:0:-89.8279:359.777/LL-0.2x0.2-52.5:4.8:51.5:5.8-f673e056c9568b99ec42a37cef597afb.mat
mars - INFO   - 20260807.083045 - ShToGridded: loading Legendre coefficients '/lus/h2resw01/cache/mir/legendre/4/local-T399-GaussianN400-OPT4189816c2e.leg'
mars - INFO   - 20260807.083231 - mmap count: 2 (+1), mmap size: 285.916 Mbytes (+245.975 Mbytes), mapped shared: 254.805 Mbytes (+245.977 Mbytes), malloc total: 66.34 Mbytes (+96 bytes), malloc free: 19.0311 Mbytes (-96 bytes)Cache file /lus/h2resw01/cache/mir/weights/16/grid-box-average/3/F400-52.5047:4.5:51.3804:5.85/LL-0.2x0.2-52.5:4.8:51.5:5.8-d6f60d6f2065dd195cd263b89fcda08e.mat does not exist
mars - INFO   - 20260807.083231 - Creating cache file /lus/h2resw01/cache/mir/weights/16/grid-box-average/3/F400-52.5047:4.5:51.3804:5.85/LL-0.2x0.2-52.5:4.8:51.5:5.8-d6f60d6f2065dd195cd263b89fcda08e.mat
mars - INFO   - 20260807.083231 - CacheManager creating file /lus/h2resw01/cache/mir/weights/16/grid-box-average/3/F400-52.5047:4.5:51.3804:5.85/LL-0.2x0.2-52.5:4.8:51.5:5.8-d6f60d6f2065dd195cd263b89fcda08e.mat
mars - INFO   - 20260807.083231 - PointSearch: building TreeMappedFile[path=/lus/h2resw01/cache/mir/search/2/F400-52.5047:4.5:51.3804:5.85.kdtree.20260807.083231.ac6-138.bullx.9896429283704834,ready?0] for RegularGG[N=400,Ni=7,Nj=6,bbox=BoundingBox[north=52.5047,west=4.5,south=51.3804,east=5.85]] (42 points)
mars - INFO   - 20260807.083231 - Cache file /lus/h2resw01/cache/mir/weights/16/grid-box-average/3/F400-52.5047:4.5:51.3804:5.85/LL-0.2x0.2-52.5:4.8:51.5:5.8-3e80305cbac536694305df8d9443927c.mat does not exist
mars - INFO   - 20260807.083231 - Creating cache file /lus/h2resw01/cache/mir/weights/16/grid-box-average/3/F400-52.5047:4.5:51.3804:5.85/LL-0.2x0.2-52.5:4.8:51.5:5.8-3e80305cbac536694305df8d9443927c.mat
mars - INFO   - 20260807.083231 - CacheManager creating file /lus/h2resw01/cache/mir/weights/16/grid-box-average/3/F400-52.5047:4.5:51.3804:5.85/LL-0.2x0.2-52.5:4.8:51.5:5.8-3e80305cbac536694305df8d9443927c.mat
mars - INFO   - 20260807.083231 - Deriving U and V from vorticity and divergence
mars - WARN   - 20260807.084520 - Visiting database marsrd : expected 59020, got 47450
mars - INFO   - 20260807.084520 - 47450 fields have been interpolated on 'ac6-138.bullx'
mars - ERROR  - 20260807.084520 - Last error is -43
mars - ERROR  - 20260807.084520 - Expected 59020, got 47450.
mars - ERROR  - 20260807.084520 - Request failed
mars - INFO   - 20260807.084520 - Request time:  wall: 17 min 30 sec  cpu: 11 min 10 sec 
mars - INFO   - 20260807.084520 -   Read from network: 20.08 Gbyte(s) in 20 sec  [1.03 Gbyte/sec] 
mars - INFO   - 20260807.084520 -   Processing in marsrd: wall: 2 min 53 sec 
mars - INFO   - 20260807.084520 -   Visiting marsrd: wall: 17 min 30 sec 
mars - INFO   - 20260807.084520 -   Post-processing: wall: 11 min 53 sec cpu: 8 min 28 sec 
mars - INFO   - 20260807.084520 -   Writing to target file: 63.55 Mbyte(s) in 1 sec  [49.43 Mbyte/sec] cpu: 1 sec 
mars - INFO   - 20260807.084520 - Memory used: 147.99 Mbyte(s)
mars - ERROR  - 20260807.084520 - Some errors reported (last error -1)
grib_to_netcdf: Version 2.47.0
grib_to_netcdf: Processing input file 'mars_ml_ctrl_49r2b.grb'.
grib_to_netcdf: Found 47450 GRIB fields in 1 file.
grib_to_netcdf: Ignoring key(s): method, type, stream, refdate, hdate
grib_to_netcdf: Creating netCDF file 'iyw7_ctrl_49r2b_ml_20220515_0.nc'
grib_to_netcdf: NetCDF library version: 4.10.0 of Apr  9 2026 13:13:33 $
grib_to_netcdf: Creating large (64 bit) file format.
grib_to_netcdf: Defining variable 'crwc'.
grib_to_netcdf: Defining variable 'p82'.
grib_to_netcdf: Defining variable 'p83'.
grib_to_netcdf: Defining variable 'p84'.
grib_to_netcdf: Defining variable 'p85'.
grib_to_netcdf: Defining variable 'p86'.
grib_to_netcdf: Defining variable 'p87'.
grib_to_netcdf: Defining variable 'p88'.
grib_to_netcdf: Defining variable 'p89'.
grib_to_netcdf: Defining variable 'p90'.
grib_to_netcdf: Defining variable 'p91'.
grib_to_netcdf: Defining variable 'p92'.
grib_to_netcdf: Defining variable 'p93'.
grib_to_netcdf: Defining variable 'p94'.
grib_to_netcdf: Defining variable 'p95'.
grib_to_netcdf: Defining variable 'p96'.
grib_to_netcdf: Defining variable 'p97'.
grib_to_netcdf: Defining variable 'p98'.
grib_to_netcdf: Defining variable 'p99'.
grib_to_netcdf: Defining variable 'p100'.
grib_to_netcdf: Defining variable 'p101'.
grib_to_netcdf: Defining variable 'p102'.
grib_to_netcdf: Defining variable 'p103'.
grib_to_netcdf: Defining variable 'p104'.
grib_to_netcdf: Defining variable 'p105'.
grib_to_netcdf: Defining variable 'p106'.
grib_to_netcdf: Defining variable 'p107'.
grib_to_netcdf: Defining variable 'p108'.
grib_to_netcdf: Defining variable 'p109'.
grib_to_netcdf: Defining variable 'p110'.
grib_to_netcdf: Defining variable 'p111'.
grib_to_netcdf: Defining variable 't'.
grib_to_netcdf: Defining variable 'q'.
grib_to_netcdf: Defining variable 'w'.
grib_to_netcdf: Defining variable 'vo'.
grib_to_netcdf: Defining variable 'lnsp'.
grib_to_netcdf: Defining variable 'd'.
grib_to_netcdf: Defining variable 'u'.
grib_to_netcdf: Defining variable 'v'.
grib_to_netcdf: Defining variable 'clwc'.
grib_to_netcdf: Defining variable 'co2'.
grib_to_netcdf: Defining variable 'ch4'.
grib_to_netcdf: Done.
Model level selected
mars - WARN - 
mars - WARN - 
MIR environment variables:
MIR_CACHE_PATH=/lus/h2resw01/cache:{FILE?/ec/cache.1}/cache:{FILE?/ec/cache.2}/cache
MIR_LSM_NAMED=1km.climate.v013
Using MARS binary: /usr/local/apps/mars/versions/6.34.7.1/bin/mars.bin
mars - INFO   - 20260807.084850 - Welcome to MARS
mars - INFO   - 20260807.084850 - MARS_HOME=/usr/local/apps/mars/configs/prod
mars - INFO   - 20260807.084850 - MARS Client build stamp: 20260623091402
mars - INFO   - 20260807.084850 - MARS Client bundle version: 6.34.7.1
mars - INFO   - 20260807.084850 - package mars-client version: 6.34.7
mars - INFO   - 20260807.084850 - package mir version: 1.23.9
mars - INFO   - 20260807.084850 - package odc version: 1.6.3
mars - INFO   - 20260807.084850 - package fdb version: 5.21.4
mars - INFO   - 20260807.084850 - package metkit version: 1.18.3
mars - INFO   - 20260807.084850 - package eckit version: 2.0.8
mars - INFO   - 20260807.084850 - package eccodes version: 2.47.2
# First retrieve profiles
retrieve,
anoffset=9,
class=rd,
date=20220515,
expver=iyw7,
levelist=1/50/51/52/53/54/55/56/57/58/59/60/61/62/63/64/65/66/67/68/69/70/71/72/73/74/75/76/77/78/79/80/81/82/83/84/85/86/87/88/89/90/91/92/93/94/95/96/97/98/99/100/101/102/103/104/105/106/107/108/109/110/111/112/113/114/115/116/117/118/119/120/121/122/123/124/125/126/127/128/129/130/131/132/133/134/135/136/137,
levtype=ml,
param=75/82/83/84/85/86/87/88/89/90/91/92/93/94/95/96/97/98/99/100/101/102/103/104/105/106/107/108/109/110/111/130/131/132/133/135/138/152/155/246/162100/162101/162104/162105/162106/162107/162109/210061/210062/210123/210181/217026,
step=12/13/14/15/16/17/18/19/20/21/22/23/24,
stream=oper,
time=00:00:00,
type=fc,
grid=0.2/0.2,
area=52.5/4.8/51.5/5.8,
interpolation=grid-box-average,
target="mars_ml_ctrl_49r2b.grb"

mars - INFO   - 20260807.084850 - Processing request 1

RETRIEVE,
    CLASS      = RD,
    TYPE       = FC,
    STREAM     = OPER,
    EXPVER     = iyw7,
    REPRES     = SH,
    LEVTYPE    = ML,
    LEVELIST   = 1/50/51/52/53/54/55/56/57/58/59/60/61/62/63/64/65/66/67/68/69/70/71/72/73/74/75/76/77/78/79/80/81/82/83/84/85/86/87/88/89/90/91/92/93/94/95/96/97/98/99/100/101/102/103/104/105/106/107/108/109/110/111/112/113/114/115/116/117/118/119/120/121/122/123/124/125/126/127/128/129/130/131/132/133/134/135/136/137,
    PARAM      = 75/82/83/84/85/86/87/88/89/90/91/92/93/94/95/96/97/98/99/100/101/102/103/104/105/106/107/108/109/110/111/130/131/132/133/135/138/152/155/246/162100/162101/162104/162105/162106/162107/162109/210061/210062/210123/210181/217026,
    DATE       = 20220515,
    TIME       = 0000,
    STEP       = 12/13/14/15/16/17/18/19/20/21/22/23/24,
    DOMAIN     = G,
    TARGET     = "mars_ml_ctrl_49r2b.grb",
    RESOL      = AUTO,
    INTERPOLATION = GRID-BOX-AVERAGE,
    AREA       = 52.5/4.8/51.5/5.8,
    GRID       = 0.2/0.2

mars - INFO   - 20260807.084850 - Requesting 59020 fields
mars - INFO   - 20260807.084850 - FDB home /home/fdbprod
mars - INFO   - 20260807.084851 - Setting SO_SNDBUF to 33554432 (32.00 M)
mars - INFO   - 20260807.084851 - Current value is 32768 (32.00 K)
mars - INFO   - 20260807.084851 - Setting SO_RCVBUF to 33554432 (32.00 M)
mars - INFO   - 20260807.084851 - Current value is 43690 (42.67 K)
mars - INFO   - 20260807.084851 - Calling mars on 'marsrd-core', local port is 43351
mars - INFO   - 20260807.084851 - Callback at address 10.100.192.138, port 43351
mars - INFO   - 20260807.084851 - Mars client is on ac6-138.bullx (10.100.192.138) 43351
mars - INFO   - 20260807.084851 - Mars server is on 10.112.4.10 45747
mars - INFO   - 20260807.084851 - Server task is 1902 [marsrd]
mars - INFO   - 20260807.084851 - Request cost: 45,136 fields, 1.67265 Gbytes online, 20.5469 Gbytes on 1 tape, nodes: hpss mvr000, libraries: ibmlib07_70 [marsrd]
mars - INFO   - 20260807.084851 - The efficiency of your requests in the last 12 hours is 100% [marsrd]
mars - INFO   - 20260807.084851 - Wind conversion requested by server
mars - INFO   - 20260807.085303 - Transfering 23858073052 bytes
mars - INFO   - 20260807.085304 - ShToGridded: loading Legendre coefficients '/lus/h2resw01/cache/mir/legendre/4/local-T399-GaussianN400-OPT4189816c2e.leg'
mars - INFO   - 20260807.085356 - Deriving U and V from vorticity and divergence
mars - WARN   - 20260807.090540 - Visiting database marsrd : expected 59020, got 47450
mars - INFO   - 20260807.090540 - 47450 fields have been interpolated on 'ac6-138.bullx'
mars - ERROR  - 20260807.090540 - Last error is -43
mars - ERROR  - 20260807.090540 - Expected 59020, got 47450.
mars - ERROR  - 20260807.090540 - Request failed
mars - INFO   - 20260807.090540 - Request time:  wall: 16 min 50 sec  cpu: 11 min 38 sec 
mars - INFO   - 20260807.090540 -   Read from network: 22.22 Gbyte(s) in 21 sec  [1.05 Gbyte/sec] 
mars - INFO   - 20260807.090540 -   Processing in marsrd: wall: 4 min 12 sec 
mars - INFO   - 20260807.090540 -   Visiting marsrd: wall: 16 min 49 sec 
mars - INFO   - 20260807.090540 -   Post-processing: wall: 9 min 46 sec cpu: 8 min 48 sec 
mars - INFO   - 20260807.090540 -   Writing to target file: 64.00 Mbyte(s) in 1 sec  [51.17 Mbyte/sec] cpu: 1 sec 
mars - INFO   - 20260807.090540 - Memory used: 140.12 Mbyte(s)
mars - ERROR  - 20260807.090540 - Some errors reported (last error -1)
grib_to_netcdf: Version 2.47.0
grib_to_netcdf: Processing input file 'mars_ml_ctrl_49r2b.grb'.
grib_to_netcdf: Found 47450 GRIB fields in 1 file.
grib_to_netcdf: Ignoring key(s): method, type, stream, refdate, hdate
grib_to_netcdf: Creating netCDF file 'iyw7_ctrl_49r2b_ml_20220515_12.nc'
grib_to_netcdf: NetCDF library version: 4.10.0 of Apr  9 2026 13:13:33 $
grib_to_netcdf: Creating large (64 bit) file format.
grib_to_netcdf: Defining variable 'crwc'.
grib_to_netcdf: Defining variable 'p82'.
grib_to_netcdf: Defining variable 'p83'.
grib_to_netcdf: Defining variable 'p84'.
grib_to_netcdf: Defining variable 'p85'.
grib_to_netcdf: Defining variable 'p86'.
grib_to_netcdf: Defining variable 'p87'.
grib_to_netcdf: Defining variable 'p88'.
grib_to_netcdf: Defining variable 'p89'.
grib_to_netcdf: Defining variable 'p90'.
grib_to_netcdf: Defining variable 'p91'.
grib_to_netcdf: Defining variable 'p92'.
grib_to_netcdf: Defining variable 'p93'.
grib_to_netcdf: Defining variable 'p94'.
grib_to_netcdf: Defining variable 'p95'.
grib_to_netcdf: Defining variable 'p96'.
grib_to_netcdf: Defining variable 'p97'.
grib_to_netcdf: Defining variable 'p98'.
grib_to_netcdf: Defining variable 'p99'.
grib_to_netcdf: Defining variable 'p100'.
grib_to_netcdf: Defining variable 'p101'.
grib_to_netcdf: Defining variable 'p102'.
grib_to_netcdf: Defining variable 'p103'.
grib_to_netcdf: Defining variable 'p104'.
grib_to_netcdf: Defining variable 'p105'.
grib_to_netcdf: Defining variable 'p106'.
grib_to_netcdf: Defining variable 'p107'.
grib_to_netcdf: Defining variable 'p108'.
grib_to_netcdf: Defining variable 'p109'.
grib_to_netcdf: Defining variable 'p110'.
grib_to_netcdf: Defining variable 'p111'.
grib_to_netcdf: Defining variable 't'.
grib_to_netcdf: Defining variable 'q'.
grib_to_netcdf: Defining variable 'w'.
grib_to_netcdf: Defining variable 'vo'.
grib_to_netcdf: Defining variable 'lnsp'.
grib_to_netcdf: Defining variable 'd'.
grib_to_netcdf: Defining variable 'u'.
grib_to_netcdf: Defining variable 'v'.
grib_to_netcdf: Defining variable 'clwc'.
grib_to_netcdf: Defining variable 'co2'.
grib_to_netcdf: Defining variable 'ch4'.
grib_to_netcdf: Done.
Model level selected
mars - WARN - 
mars - WARN - 
MIR environment variables:
MIR_CACHE_PATH=/lus/h2resw01/cache:{FILE?/ec/cache.1}/cache:{FILE?/ec/cache.2}/cache
MIR_LSM_NAMED=1km.climate.v013
Using MARS binary: /usr/local/apps/mars/versions/6.34.7.1/bin/mars.bin
mars - INFO   - 20260807.090923 - Welcome to MARS
mars - INFO   - 20260807.090923 - MARS_HOME=/usr/local/apps/mars/configs/prod
mars - INFO   - 20260807.090923 - MARS Client build stamp: 20260623091402
mars - INFO   - 20260807.090923 - MARS Client bundle version: 6.34.7.1
mars - INFO   - 20260807.090923 - package mars-client version: 6.34.7
mars - INFO   - 20260807.090923 - package mir version: 1.23.9
mars - INFO   - 20260807.090923 - package odc version: 1.6.3
mars - INFO   - 20260807.090923 - package fdb version: 5.21.4
mars - INFO   - 20260807.090923 - package metkit version: 1.18.3
mars - INFO   - 20260807.090923 - package eckit version: 2.0.8
mars - INFO   - 20260807.090923 - package eccodes version: 2.47.2
# First retrieve profiles
retrieve,
anoffset=9,
class=rd,
date=20220516,
expver=iyw7,
levelist=1/50/51/52/53/54/55/56/57/58/59/60/61/62/63/64/65/66/67/68/69/70/71/72/73/74/75/76/77/78/79/80/81/82/83/84/85/86/87/88/89/90/91/92/93/94/95/96/97/98/99/100/101/102/103/104/105/106/107/108/109/110/111/112/113/114/115/116/117/118/119/120/121/122/123/124/125/126/127/128/129/130/131/132/133/134/135/136/137,
levtype=ml,
param=75/82/83/84/85/86/87/88/89/90/91/92/93/94/95/96/97/98/99/100/101/102/103/104/105/106/107/108/109/110/111/130/131/132/133/135/138/152/155/246/162100/162101/162104/162105/162106/162107/162109/210061/210062/210123/210181/217026,
step=0/1/2/3/4/5/6/7/8/9/10/11/12,
stream=oper,
time=00:00:00,
type=fc,
grid=0.2/0.2,
area=52.5/4.8/51.5/5.8,
interpolation=grid-box-average,
target="mars_ml_ctrl_49r2b.grb"

mars - INFO   - 20260807.090923 - Processing request 1

RETRIEVE,
    CLASS      = RD,
    TYPE       = FC,
    STREAM     = OPER,
    EXPVER     = iyw7,
    REPRES     = SH,
    LEVTYPE    = ML,
    LEVELIST   = 1/50/51/52/53/54/55/56/57/58/59/60/61/62/63/64/65/66/67/68/69/70/71/72/73/74/75/76/77/78/79/80/81/82/83/84/85/86/87/88/89/90/91/92/93/94/95/96/97/98/99/100/101/102/103/104/105/106/107/108/109/110/111/112/113/114/115/116/117/118/119/120/121/122/123/124/125/126/127/128/129/130/131/132/133/134/135/136/137,
    PARAM      = 75/82/83/84/85/86/87/88/89/90/91/92/93/94/95/96/97/98/99/100/101/102/103/104/105/106/107/108/109/110/111/130/131/132/133/135/138/152/155/246/162100/162101/162104/162105/162106/162107/162109/210061/210062/210123/210181/217026,
    DATE       = 20220516,
    TIME       = 0000,
    STEP       = 0/1/2/3/4/5/6/7/8/9/10/11/12,
    DOMAIN     = G,
    TARGET     = "mars_ml_ctrl_49r2b.grb",
    RESOL      = AUTO,
    INTERPOLATION = GRID-BOX-AVERAGE,
    AREA       = 52.5/4.8/51.5/5.8,
    GRID       = 0.2/0.2

mars - INFO   - 20260807.090924 - Requesting 59020 fields
mars - INFO   - 20260807.090924 - FDB home /home/fdbprod
mars - INFO   - 20260807.090924 - Setting SO_SNDBUF to 33554432 (32.00 M)
mars - INFO   - 20260807.090924 - Current value is 32768 (32.00 K)
mars - INFO   - 20260807.090924 - Setting SO_RCVBUF to 33554432 (32.00 M)
mars - INFO   - 20260807.090924 - Current value is 43690 (42.67 K)
mars - INFO   - 20260807.090924 - Calling mars on 'marsrd-core', local port is 33787
mars - INFO   - 20260807.090924 - Callback at address 10.100.192.138, port 33787
mars - INFO   - 20260807.090924 - Mars client is on ac6-138.bullx (10.100.192.138) 33787
mars - INFO   - 20260807.090924 - Mars server is on 10.112.4.10 45983
mars - INFO   - 20260807.090924 - Server task is 4404 [marsrd]
mars - INFO   - 20260807.090924 - Request cost: 45,136 fields, 20.265 Gbytes on 1 tape, nodes: hpss, libraries: ibmlib07_70 [marsrd]
mars - INFO   - 20260807.090924 - The efficiency of your requests in the last 12 hours is 100% [marsrd]
mars - INFO   - 20260807.090924 - Wind conversion requested by server
mars - INFO   - 20260807.091227 - Transfering 21759402909 bytes
mars - INFO   - 20260807.091228 - ShToGridded: loading Legendre coefficients '/lus/h2resw01/cache/mir/legendre/4/local-T399-GaussianN400-OPT4189816c2e.leg'
mars - INFO   - 20260807.091229 - Deriving U and V from vorticity and divergence
mars - WARN   - 20260807.092404 - Visiting database marsrd : expected 59020, got 47450
mars - INFO   - 20260807.092404 - 47450 fields have been interpolated on 'ac6-138.bullx'
mars - ERROR  - 20260807.092404 - Last error is -43
mars - ERROR  - 20260807.092404 - Expected 59020, got 47450.
mars - ERROR  - 20260807.092404 - Request failed
mars - INFO   - 20260807.092404 - Request time:  wall: 14 min 40 sec  cpu: 11 min 30 sec 
mars - INFO   - 20260807.092404 -   Read from network: 20.27 Gbyte(s) in 20 sec  [1.03 Gbyte/sec] 
mars - INFO   - 20260807.092404 -   Processing in marsrd: wall: 3 min 3 sec 
mars - INFO   - 20260807.092404 -   Visiting marsrd: wall: 14 min 40 sec 
mars - INFO   - 20260807.092404 -   Post-processing: wall: 8 min 44 sec cpu: 8 min 38 sec 
mars - INFO   - 20260807.092404 -   Writing to target file: 63.97 Mbyte(s) in 1 sec  [59.77 Mbyte/sec] cpu: 1 sec 
mars - INFO   - 20260807.092404 - Memory used: 140.61 Mbyte(s)
mars - ERROR  - 20260807.092404 - Some errors reported (last error -1)
grib_to_netcdf: Version 2.47.0
grib_to_netcdf: Processing input file 'mars_ml_ctrl_49r2b.grb'.
grib_to_netcdf: Found 47450 GRIB fields in 1 file.
grib_to_netcdf: Ignoring key(s): method, type, stream, refdate, hdate
grib_to_netcdf: Creating netCDF file 'iyw7_ctrl_49r2b_ml_20220516_0.nc'
grib_to_netcdf: NetCDF library version: 4.10.0 of Apr  9 2026 13:13:33 $
grib_to_netcdf: Creating large (64 bit) file format.
grib_to_netcdf: Defining variable 'crwc'.
grib_to_netcdf: Defining variable 'p82'.
grib_to_netcdf: Defining variable 'p83'.
grib_to_netcdf: Defining variable 'p84'.
grib_to_netcdf: Defining variable 'p85'.
grib_to_netcdf: Defining variable 'p86'.
grib_to_netcdf: Defining variable 'p87'.
grib_to_netcdf: Defining variable 'p88'.
grib_to_netcdf: Defining variable 'p89'.
grib_to_netcdf: Defining variable 'p90'.
grib_to_netcdf: Defining variable 'p91'.
grib_to_netcdf: Defining variable 'p92'.
grib_to_netcdf: Defining variable 'p93'.
grib_to_netcdf: Defining variable 'p94'.
grib_to_netcdf: Defining variable 'p95'.
grib_to_netcdf: Defining variable 'p96'.
grib_to_netcdf: Defining variable 'p97'.
grib_to_netcdf: Defining variable 'p98'.
grib_to_netcdf: Defining variable 'p99'.
grib_to_netcdf: Defining variable 'p100'.
grib_to_netcdf: Defining variable 'p101'.
grib_to_netcdf: Defining variable 'p102'.
grib_to_netcdf: Defining variable 'p103'.
grib_to_netcdf: Defining variable 'p104'.
grib_to_netcdf: Defining variable 'p105'.
grib_to_netcdf: Defining variable 'p106'.
grib_to_netcdf: Defining variable 'p107'.
grib_to_netcdf: Defining variable 'p108'.
grib_to_netcdf: Defining variable 'p109'.
grib_to_netcdf: Defining variable 'p110'.
grib_to_netcdf: Defining variable 'p111'.
grib_to_netcdf: Defining variable 't'.
grib_to_netcdf: Defining variable 'q'.
grib_to_netcdf: Defining variable 'w'.
grib_to_netcdf: Defining variable 'vo'.
grib_to_netcdf: Defining variable 'lnsp'.
grib_to_netcdf: Defining variable 'd'.
grib_to_netcdf: Defining variable 'u'.
grib_to_netcdf: Defining variable 'v'.
grib_to_netcdf: Defining variable 'clwc'.
grib_to_netcdf: Defining variable 'co2'.
grib_to_netcdf: Defining variable 'ch4'.
grib_to_netcdf: Done.
Model level selected
mars - WARN - 
mars - WARN - 
MIR environment variables:
MIR_CACHE_PATH=/lus/h2resw01/cache:{FILE?/ec/cache.1}/cache:{FILE?/ec/cache.2}/cache
MIR_LSM_NAMED=1km.climate.v013
Using MARS binary: /usr/local/apps/mars/versions/6.34.7.1/bin/mars.bin
mars - INFO   - 20260807.092714 - Welcome to MARS
mars - INFO   - 20260807.092714 - MARS_HOME=/usr/local/apps/mars/configs/prod
mars - INFO   - 20260807.092714 - MARS Client build stamp: 20260623091402
mars - INFO   - 20260807.092714 - MARS Client bundle version: 6.34.7.1
mars - INFO   - 20260807.092714 - package mars-client version: 6.34.7
mars - INFO   - 20260807.092714 - package mir version: 1.23.9
mars - INFO   - 20260807.092714 - package odc version: 1.6.3
mars - INFO   - 20260807.092714 - package fdb version: 5.21.4
mars - INFO   - 20260807.092714 - package metkit version: 1.18.3
mars - INFO   - 20260807.092714 - package eckit version: 2.0.8
mars - INFO   - 20260807.092714 - package eccodes version: 2.47.2
# First retrieve profiles
retrieve,
anoffset=9,
class=rd,
date=20220516,
expver=iyw7,
levelist=1/50/51/52/53/54/55/56/57/58/59/60/61/62/63/64/65/66/67/68/69/70/71/72/73/74/75/76/77/78/79/80/81/82/83/84/85/86/87/88/89/90/91/92/93/94/95/96/97/98/99/100/101/102/103/104/105/106/107/108/109/110/111/112/113/114/115/116/117/118/119/120/121/122/123/124/125/126/127/128/129/130/131/132/133/134/135/136/137,
levtype=ml,
param=75/82/83/84/85/86/87/88/89/90/91/92/93/94/95/96/97/98/99/100/101/102/103/104/105/106/107/108/109/110/111/130/131/132/133/135/138/152/155/246/162100/162101/162104/162105/162106/162107/162109/210061/210062/210123/210181/217026,
step=12/13/14/15/16/17/18/19/20/21/22/23/24,
stream=oper,
time=00:00:00,
type=fc,
grid=0.2/0.2,
area=52.5/4.8/51.5/5.8,
interpolation=grid-box-average,
target="mars_ml_ctrl_49r2b.grb"

mars - INFO   - 20260807.092714 - Processing request 1

RETRIEVE,
    CLASS      = RD,
    TYPE       = FC,
    STREAM     = OPER,
    EXPVER     = iyw7,
    REPRES     = SH,
    LEVTYPE    = ML,
    LEVELIST   = 1/50/51/52/53/54/55/56/57/58/59/60/61/62/63/64/65/66/67/68/69/70/71/72/73/74/75/76/77/78/79/80/81/82/83/84/85/86/87/88/89/90/91/92/93/94/95/96/97/98/99/100/101/102/103/104/105/106/107/108/109/110/111/112/113/114/115/116/117/118/119/120/121/122/123/124/125/126/127/128/129/130/131/132/133/134/135/136/137,
    PARAM      = 75/82/83/84/85/86/87/88/89/90/91/92/93/94/95/96/97/98/99/100/101/102/103/104/105/106/107/108/109/110/111/130/131/132/133/135/138/152/155/246/162100/162101/162104/162105/162106/162107/162109/210061/210062/210123/210181/217026,
    DATE       = 20220516,
    TIME       = 0000,
    STEP       = 12/13/14/15/16/17/18/19/20/21/22/23/24,
    DOMAIN     = G,
    TARGET     = "mars_ml_ctrl_49r2b.grb",
    RESOL      = AUTO,
    INTERPOLATION = GRID-BOX-AVERAGE,
    AREA       = 52.5/4.8/51.5/5.8,
    GRID       = 0.2/0.2

mars - INFO   - 20260807.092714 - Requesting 59020 fields
mars - INFO   - 20260807.092714 - FDB home /home/fdbprod
mars - INFO   - 20260807.092714 - Setting SO_SNDBUF to 33554432 (32.00 M)
mars - INFO   - 20260807.092714 - Current value is 32768 (32.00 K)
mars - INFO   - 20260807.092714 - Setting SO_RCVBUF to 33554432 (32.00 M)
mars - INFO   - 20260807.092714 - Current value is 43690 (42.67 K)
mars - INFO   - 20260807.092714 - Calling mars on 'marsrd-core', local port is 41143
mars - INFO   - 20260807.092714 - Callback at address 10.100.192.138, port 41143
mars - INFO   - 20260807.092714 - Mars client is on ac6-138.bullx (10.100.192.138) 41143
mars - INFO   - 20260807.092714 - Mars server is on 10.112.4.10 53693
mars - INFO   - 20260807.092714 - Server task is 2413 [marsrd]
mars - INFO   - 20260807.092714 - Request cost: 45,136 fields, 1.684 Gbytes online, 20.6494 Gbytes on 1 tape, nodes: hpss mvr012, libraries: ibmlib07_70 [marsrd]
mars - INFO   - 20260807.092714 - The efficiency of your requests in the last 12 hours is 100% [marsrd]
mars - INFO   - 20260807.092715 - Wind conversion requested by server
mars - INFO   - 20260807.093051 - Transfering 23980307026 bytes
mars - INFO   - 20260807.093052 - ShToGridded: loading Legendre coefficients '/lus/h2resw01/cache/mir/legendre/4/local-T399-GaussianN400-OPT4189816c2e.leg'
mars - INFO   - 20260807.093053 - Deriving U and V from vorticity and divergence
mars - WARN   - 20260807.094828 - Visiting database marsrd : expected 59020, got 47450
mars - INFO   - 20260807.094828 - 47450 fields have been interpolated on 'ac6-138.bullx'
mars - ERROR  - 20260807.094828 - Last error is -43
mars - ERROR  - 20260807.094828 - Expected 59020, got 47450.
mars - ERROR  - 20260807.094828 - Request failed
mars - INFO   - 20260807.094828 - Request time:  wall: 21 min 14 sec  cpu: 12 min 33 sec 
mars - INFO   - 20260807.094828 -   Read from network: 22.33 Gbyte(s) in 22 sec  [1.01 Gbyte/sec] 
mars - INFO   - 20260807.094828 -   Processing in marsrd: wall: 3 min 37 sec 
mars - INFO   - 20260807.094828 -   Visiting marsrd: wall: 21 min 14 sec 
mars - INFO   - 20260807.094828 -   Post-processing: wall: 14 min 31 sec cpu: 9 min 30 sec 
mars - INFO   - 20260807.094828 -   Writing to target file: 64.46 Mbyte(s) in 1 sec  [52.60 Mbyte/sec] cpu: 1 sec 
mars - INFO   - 20260807.094828 - Memory used: 140.82 Mbyte(s)
mars - ERROR  - 20260807.094828 - Some errors reported (last error -1)
grib_to_netcdf: Version 2.47.0
grib_to_netcdf: Processing input file 'mars_ml_ctrl_49r2b.grb'.
grib_to_netcdf: Found 47450 GRIB fields in 1 file.
grib_to_netcdf: Ignoring key(s): method, type, stream, refdate, hdate
grib_to_netcdf: Creating netCDF file 'iyw7_ctrl_49r2b_ml_20220516_12.nc'
grib_to_netcdf: NetCDF library version: 4.10.0 of Apr  9 2026 13:13:33 $
grib_to_netcdf: Creating large (64 bit) file format.
grib_to_netcdf: Defining variable 'crwc'.
grib_to_netcdf: Defining variable 'p82'.
grib_to_netcdf: Defining variable 'p83'.
grib_to_netcdf: Defining variable 'p84'.
grib_to_netcdf: Defining variable 'p85'.
grib_to_netcdf: Defining variable 'p86'.
grib_to_netcdf: Defining variable 'p87'.
grib_to_netcdf: Defining variable 'p88'.
grib_to_netcdf: Defining variable 'p89'.
grib_to_netcdf: Defining variable 'p90'.
grib_to_netcdf: Defining variable 'p91'.
grib_to_netcdf: Defining variable 'p92'.
grib_to_netcdf: Defining variable 'p93'.
grib_to_netcdf: Defining variable 'p94'.
grib_to_netcdf: Defining variable 'p95'.
grib_to_netcdf: Defining variable 'p96'.
grib_to_netcdf: Defining variable 'p97'.
grib_to_netcdf: Defining variable 'p98'.
grib_to_netcdf: Defining variable 'p99'.
grib_to_netcdf: Defining variable 'p100'.
grib_to_netcdf: Defining variable 'p101'.
grib_to_netcdf: Defining variable 'p102'.
grib_to_netcdf: Defining variable 'p103'.
grib_to_netcdf: Defining variable 'p104'.
grib_to_netcdf: Defining variable 'p105'.
grib_to_netcdf: Defining variable 'p106'.
grib_to_netcdf: Defining variable 'p107'.
grib_to_netcdf: Defining variable 'p108'.
grib_to_netcdf: Defining variable 'p109'.
grib_to_netcdf: Defining variable 'p110'.
grib_to_netcdf: Defining variable 'p111'.
grib_to_netcdf: Defining variable 't'.
grib_to_netcdf: Defining variable 'q'.
grib_to_netcdf: Defining variable 'w'.
grib_to_netcdf: Defining variable 'vo'.
grib_to_netcdf: Defining variable 'lnsp'.
grib_to_netcdf: Defining variable 'd'.
grib_to_netcdf: Defining variable 'u'.
grib_to_netcdf: Defining variable 'v'.
grib_to_netcdf: Defining variable 'clwc'.
grib_to_netcdf: Defining variable 'co2'.
grib_to_netcdf: Defining variable 'ch4'.
grib_to_netcdf: Done.
Model level selected
mars - WARN - 
mars - WARN - 
MIR environment variables:
MIR_CACHE_PATH=/lus/h2resw01/cache:{FILE?/ec/cache.1}/cache:{FILE?/ec/cache.2}/cache
MIR_LSM_NAMED=1km.climate.v013
Using MARS binary: /usr/local/apps/mars/versions/6.34.7.1/bin/mars.bin
mars - INFO   - 20260807.095148 - Welcome to MARS
mars - INFO   - 20260807.095148 - MARS_HOME=/usr/local/apps/mars/configs/prod
mars - INFO   - 20260807.095148 - MARS Client build stamp: 20260623091402
mars - INFO   - 20260807.095148 - MARS Client bundle version: 6.34.7.1
mars - INFO   - 20260807.095148 - package mars-client version: 6.34.7
mars - INFO   - 20260807.095148 - package mir version: 1.23.9
mars - INFO   - 20260807.095148 - package odc version: 1.6.3
mars - INFO   - 20260807.095148 - package fdb version: 5.21.4
mars - INFO   - 20260807.095148 - package metkit version: 1.18.3
mars - INFO   - 20260807.095148 - package eckit version: 2.0.8
mars - INFO   - 20260807.095148 - package eccodes version: 2.47.2
# First retrieve profiles
retrieve,
anoffset=9,
class=rd,
date=20220517,
expver=iyw7,
levelist=1/50/51/52/53/54/55/56/57/58/59/60/61/62/63/64/65/66/67/68/69/70/71/72/73/74/75/76/77/78/79/80/81/82/83/84/85/86/87/88/89/90/91/92/93/94/95/96/97/98/99/100/101/102/103/104/105/106/107/108/109/110/111/112/113/114/115/116/117/118/119/120/121/122/123/124/125/126/127/128/129/130/131/132/133/134/135/136/137,
levtype=ml,
param=75/82/83/84/85/86/87/88/89/90/91/92/93/94/95/96/97/98/99/100/101/102/103/104/105/106/107/108/109/110/111/130/131/132/133/135/138/152/155/246/162100/162101/162104/162105/162106/162107/162109/210061/210062/210123/210181/217026,
step=0/1/2/3/4/5/6/7/8/9/10/11/12,
stream=oper,
time=00:00:00,
type=fc,
grid=0.2/0.2,
area=52.5/4.8/51.5/5.8,
interpolation=grid-box-average,
target="mars_ml_ctrl_49r2b.grb"

mars - INFO   - 20260807.095149 - Processing request 1

RETRIEVE,
    CLASS      = RD,
    TYPE       = FC,
    STREAM     = OPER,
    EXPVER     = iyw7,
    REPRES     = SH,
    LEVTYPE    = ML,
    LEVELIST   = 1/50/51/52/53/54/55/56/57/58/59/60/61/62/63/64/65/66/67/68/69/70/71/72/73/74/75/76/77/78/79/80/81/82/83/84/85/86/87/88/89/90/91/92/93/94/95/96/97/98/99/100/101/102/103/104/105/106/107/108/109/110/111/112/113/114/115/116/117/118/119/120/121/122/123/124/125/126/127/128/129/130/131/132/133/134/135/136/137,
    PARAM      = 75/82/83/84/85/86/87/88/89/90/91/92/93/94/95/96/97/98/99/100/101/102/103/104/105/106/107/108/109/110/111/130/131/132/133/135/138/152/155/246/162100/162101/162104/162105/162106/162107/162109/210061/210062/210123/210181/217026,
    DATE       = 20220517,
    TIME       = 0000,
    STEP       = 0/1/2/3/4/5/6/7/8/9/10/11/12,
    DOMAIN     = G,
    TARGET     = "mars_ml_ctrl_49r2b.grb",
    RESOL      = AUTO,
    INTERPOLATION = GRID-BOX-AVERAGE,
    AREA       = 52.5/4.8/51.5/5.8,
    GRID       = 0.2/0.2

mars - INFO   - 20260807.095149 - Requesting 59020 fields
mars - INFO   - 20260807.095149 - FDB home /home/fdbprod
mars - INFO   - 20260807.095149 - Setting SO_SNDBUF to 33554432 (32.00 M)
mars - INFO   - 20260807.095149 - Current value is 32768 (32.00 K)
mars - INFO   - 20260807.095149 - Setting SO_RCVBUF to 33554432 (32.00 M)
mars - INFO   - 20260807.095149 - Current value is 43690 (42.67 K)
mars - INFO   - 20260807.095149 - Calling mars on 'marsrd-core', local port is 39879
mars - INFO   - 20260807.095149 - Callback at address 10.100.192.138, port 39879
mars - INFO   - 20260807.095149 - Mars client is on ac6-138.bullx (10.100.192.138) 39879
mars - INFO   - 20260807.095149 - Mars server is on 10.112.4.10 43837
mars - INFO   - 20260807.095149 - Server task is 7305 [marsrd]
mars - INFO   - 20260807.095149 - Request cost: 45,136 fields, 20.2154 Gbytes on 1 tape, nodes: hpss, libraries: ibmlib07_70 [marsrd]
mars - INFO   - 20260807.095149 - The efficiency of your requests in the last 12 hours is 100% [marsrd]
mars - INFO   - 20260807.095149 - Wind conversion requested by server
mars - INFO   - 20260807.095603 - Transfering 21706131232 bytes
mars - INFO   - 20260807.095604 - ShToGridded: loading Legendre coefficients '/lus/h2resw01/cache/mir/legendre/4/local-T399-GaussianN400-OPT4189816c2e.leg'
mars - INFO   - 20260807.095605 - Deriving U and V from vorticity and divergence
mars - WARN   - 20260807.100714 - Visiting database marsrd : expected 59020, got 47450
mars - INFO   - 20260807.100714 - 47450 fields have been interpolated on 'ac6-138.bullx'
mars - ERROR  - 20260807.100714 - Last error is -43
mars - ERROR  - 20260807.100714 - Expected 59020, got 47450.
mars - ERROR  - 20260807.100714 - Request failed
mars - INFO   - 20260807.100714 - Request time:  wall: 15 min 25 sec  cpu: 11 min 4 sec 
mars - INFO   - 20260807.100714 -   Read from network: 20.22 Gbyte(s) in 19 sec  [1.07 Gbyte/sec] 
mars - INFO   - 20260807.100714 -   Processing in marsrd: wall: 4 min 14 sec 
mars - INFO   - 20260807.100714 -   Visiting marsrd: wall: 15 min 25 sec 
mars - INFO   - 20260807.100714 -   Post-processing: wall: 8 min 30 sec cpu: 8 min 25 sec 
mars - INFO   - 20260807.100714 -   Writing to target file: 63.85 Mbyte(s) in 1 sec  [61.48 Mbyte/sec] cpu: 1 sec 
mars - INFO   - 20260807.100714 - Memory used: 139.79 Mbyte(s)
mars - ERROR  - 20260807.100714 - Some errors reported (last error -1)
grib_to_netcdf: Version 2.47.0
grib_to_netcdf: Processing input file 'mars_ml_ctrl_49r2b.grb'.
grib_to_netcdf: Found 47450 GRIB fields in 1 file.
grib_to_netcdf: Ignoring key(s): method, type, stream, refdate, hdate
grib_to_netcdf: Creating netCDF file 'iyw7_ctrl_49r2b_ml_20220517_0.nc'
grib_to_netcdf: NetCDF library version: 4.10.0 of Apr  9 2026 13:13:33 $
grib_to_netcdf: Creating large (64 bit) file format.
grib_to_netcdf: Defining variable 'crwc'.
grib_to_netcdf: Defining variable 'p82'.
grib_to_netcdf: Defining variable 'p83'.
grib_to_netcdf: Defining variable 'p84'.
grib_to_netcdf: Defining variable 'p85'.
grib_to_netcdf: Defining variable 'p86'.
grib_to_netcdf: Defining variable 'p87'.
grib_to_netcdf: Defining variable 'p88'.
grib_to_netcdf: Defining variable 'p89'.
grib_to_netcdf: Defining variable 'p90'.
grib_to_netcdf: Defining variable 'p91'.
grib_to_netcdf: Defining variable 'p92'.
grib_to_netcdf: Defining variable 'p93'.
grib_to_netcdf: Defining variable 'p94'.
grib_to_netcdf: Defining variable 'p95'.
grib_to_netcdf: Defining variable 'p96'.
grib_to_netcdf: Defining variable 'p97'.
grib_to_netcdf: Defining variable 'p98'.
grib_to_netcdf: Defining variable 'p99'.
grib_to_netcdf: Defining variable 'p100'.
grib_to_netcdf: Defining variable 'p101'.
grib_to_netcdf: Defining variable 'p102'.
grib_to_netcdf: Defining variable 'p103'.
grib_to_netcdf: Defining variable 'p104'.
grib_to_netcdf: Defining variable 'p105'.
grib_to_netcdf: Defining variable 'p106'.
grib_to_netcdf: Defining variable 'p107'.
grib_to_netcdf: Defining variable 'p108'.
grib_to_netcdf: Defining variable 'p109'.
grib_to_netcdf: Defining variable 'p110'.
grib_to_netcdf: Defining variable 'p111'.
grib_to_netcdf: Defining variable 't'.
grib_to_netcdf: Defining variable 'q'.
grib_to_netcdf: Defining variable 'w'.
grib_to_netcdf: Defining variable 'vo'.
grib_to_netcdf: Defining variable 'lnsp'.
grib_to_netcdf: Defining variable 'd'.
grib_to_netcdf: Defining variable 'u'.
grib_to_netcdf: Defining variable 'v'.
grib_to_netcdf: Defining variable 'clwc'.
grib_to_netcdf: Defining variable 'co2'.
grib_to_netcdf: Defining variable 'ch4'.
grib_to_netcdf: Done.
Model level selected
mars - WARN - 
mars - WARN - 
MIR environment variables:
MIR_CACHE_PATH=/lus/h2resw01/cache:{FILE?/ec/cache.1}/cache:{FILE?/ec/cache.2}/cache
MIR_LSM_NAMED=1km.climate.v013
Using MARS binary: /usr/local/apps/mars/versions/6.34.7.1/bin/mars.bin
mars - INFO   - 20260807.101009 - Welcome to MARS
mars - INFO   - 20260807.101009 - MARS_HOME=/usr/local/apps/mars/configs/prod
mars - INFO   - 20260807.101009 - MARS Client build stamp: 20260623091402
mars - INFO   - 20260807.101009 - MARS Client bundle version: 6.34.7.1
mars - INFO   - 20260807.101009 - package mars-client version: 6.34.7
mars - INFO   - 20260807.101009 - package mir version: 1.23.9
mars - INFO   - 20260807.101009 - package odc version: 1.6.3
mars - INFO   - 20260807.101009 - package fdb version: 5.21.4
mars - INFO   - 20260807.101009 - package metkit version: 1.18.3
mars - INFO   - 20260807.101009 - package eckit version: 2.0.8
mars - INFO   - 20260807.101009 - package eccodes version: 2.47.2
# First retrieve profiles
retrieve,
anoffset=9,
class=rd,
date=20220517,
expver=iyw7,
levelist=1/50/51/52/53/54/55/56/57/58/59/60/61/62/63/64/65/66/67/68/69/70/71/72/73/74/75/76/77/78/79/80/81/82/83/84/85/86/87/88/89/90/91/92/93/94/95/96/97/98/99/100/101/102/103/104/105/106/107/108/109/110/111/112/113/114/115/116/117/118/119/120/121/122/123/124/125/126/127/128/129/130/131/132/133/134/135/136/137,
levtype=ml,
param=75/82/83/84/85/86/87/88/89/90/91/92/93/94/95/96/97/98/99/100/101/102/103/104/105/106/107/108/109/110/111/130/131/132/133/135/138/152/155/246/162100/162101/162104/162105/162106/162107/162109/210061/210062/210123/210181/217026,
step=12/13/14/15/16/17/18/19/20/21/22/23/24,
stream=oper,
time=00:00:00,
type=fc,
grid=0.2/0.2,
area=52.5/4.8/51.5/5.8,
interpolation=grid-box-average,
target="mars_ml_ctrl_49r2b.grb"

mars - INFO   - 20260807.101009 - Processing request 1

RETRIEVE,
    CLASS      = RD,
    TYPE       = FC,
    STREAM     = OPER,
    EXPVER     = iyw7,
    REPRES     = SH,
    LEVTYPE    = ML,
    LEVELIST   = 1/50/51/52/53/54/55/56/57/58/59/60/61/62/63/64/65/66/67/68/69/70/71/72/73/74/75/76/77/78/79/80/81/82/83/84/85/86/87/88/89/90/91/92/93/94/95/96/97/98/99/100/101/102/103/104/105/106/107/108/109/110/111/112/113/114/115/116/117/118/119/120/121/122/123/124/125/126/127/128/129/130/131/132/133/134/135/136/137,
    PARAM      = 75/82/83/84/85/86/87/88/89/90/91/92/93/94/95/96/97/98/99/100/101/102/103/104/105/106/107/108/109/110/111/130/131/132/133/135/138/152/155/246/162100/162101/162104/162105/162106/162107/162109/210061/210062/210123/210181/217026,
    DATE       = 20220517,
    TIME       = 0000,
    STEP       = 12/13/14/15/16/17/18/19/20/21/22/23/24,
    DOMAIN     = G,
    TARGET     = "mars_ml_ctrl_49r2b.grb",
    RESOL      = AUTO,
    INTERPOLATION = GRID-BOX-AVERAGE,
    AREA       = 52.5/4.8/51.5/5.8,
    GRID       = 0.2/0.2

mars - INFO   - 20260807.101009 - Requesting 59020 fields
mars - INFO   - 20260807.101009 - FDB home /home/fdbprod
mars - INFO   - 20260807.101009 - Setting SO_SNDBUF to 33554432 (32.00 M)
mars - INFO   - 20260807.101009 - Current value is 32768 (32.00 K)
mars - INFO   - 20260807.101009 - Setting SO_RCVBUF to 33554432 (32.00 M)
mars - INFO   - 20260807.101009 - Current value is 43690 (42.67 K)
mars - INFO   - 20260807.101009 - Calling mars on 'marsrd-core', local port is 40157
mars - INFO   - 20260807.101009 - Callback at address 10.100.192.138, port 40157
mars - INFO   - 20260807.101009 - Mars client is on ac6-138.bullx (10.100.192.138) 40157
mars - INFO   - 20260807.101009 - Mars server is on 10.112.4.10 44649
mars - INFO   - 20260807.101009 - Server task is 2658 [marsrd]
mars - INFO   - 20260807.101009 - Request cost: 45,136 fields, 1.66857 Gbytes online, 20.3353 Gbytes on 1 tape, nodes: hpss mvr012, libraries: ibmlib07_70 [marsrd]
mars - INFO   - 20260807.101009 - The efficiency of your requests in the last 12 hours is 52% [marsrd]
mars - INFO   - 20260807.101009 - Wind conversion requested by server
mars - INFO   - 20260807.101508 - Transfering 23626488881 bytes
mars - INFO   - 20260807.101509 - ShToGridded: loading Legendre coefficients '/lus/h2resw01/cache/mir/legendre/4/local-T399-GaussianN400-OPT4189816c2e.leg'
mars - INFO   - 20260807.101510 - Deriving U and V from vorticity and divergence
mars - WARN   - 20260807.102643 - Visiting database marsrd : expected 59020, got 47450
mars - INFO   - 20260807.102643 - 47450 fields have been interpolated on 'ac6-138.bullx'
mars - ERROR  - 20260807.102643 - Last error is -43
mars - ERROR  - 20260807.102643 - Expected 59020, got 47450.
mars - ERROR  - 20260807.102643 - Request failed
mars - INFO   - 20260807.102643 - Request time:  wall: 16 min 34 sec  cpu: 11 min 27 sec 
mars - INFO   - 20260807.102643 -   Read from network: 22.00 Gbyte(s) in 20 sec  [1.08 Gbyte/sec] 
mars - INFO   - 20260807.102643 -   Processing in marsrd: wall: 4 min 59 sec 
mars - INFO   - 20260807.102643 -   Visiting marsrd: wall: 16 min 33 sec 
mars - INFO   - 20260807.102643 -   Post-processing: wall: 8 min 49 sec cpu: 8 min 43 sec 
mars - INFO   - 20260807.102643 -   Writing to target file: 64.26 Mbyte(s) in 1 sec  [59.92 Mbyte/sec] cpu: 1 sec 
mars - INFO   - 20260807.102643 - Memory used: 143.36 Mbyte(s)
mars - ERROR  - 20260807.102643 - Some errors reported (last error -1)
grib_to_netcdf: Version 2.47.0
grib_to_netcdf: Processing input file 'mars_ml_ctrl_49r2b.grb'.
grib_to_netcdf: Found 47450 GRIB fields in 1 file.
grib_to_netcdf: Ignoring key(s): method, type, stream, refdate, hdate
grib_to_netcdf: Creating netCDF file 'iyw7_ctrl_49r2b_ml_20220517_12.nc'
grib_to_netcdf: NetCDF library version: 4.10.0 of Apr  9 2026 13:13:33 $
grib_to_netcdf: Creating large (64 bit) file format.
grib_to_netcdf: Defining variable 'crwc'.
grib_to_netcdf: Defining variable 'p82'.
grib_to_netcdf: Defining variable 'p83'.
grib_to_netcdf: Defining variable 'p84'.
grib_to_netcdf: Defining variable 'p85'.
grib_to_netcdf: Defining variable 'p86'.
grib_to_netcdf: Defining variable 'p87'.
grib_to_netcdf: Defining variable 'p88'.
grib_to_netcdf: Defining variable 'p89'.
grib_to_netcdf: Defining variable 'p90'.
grib_to_netcdf: Defining variable 'p91'.
grib_to_netcdf: Defining variable 'p92'.
grib_to_netcdf: Defining variable 'p93'.
grib_to_netcdf: Defining variable 'p94'.
grib_to_netcdf: Defining variable 'p95'.
grib_to_netcdf: Defining variable 'p96'.
grib_to_netcdf: Defining variable 'p97'.
grib_to_netcdf: Defining variable 'p98'.
grib_to_netcdf: Defining variable 'p99'.
grib_to_netcdf: Defining variable 'p100'.
grib_to_netcdf: Defining variable 'p101'.
grib_to_netcdf: Defining variable 'p102'.
grib_to_netcdf: Defining variable 'p103'.
grib_to_netcdf: Defining variable 'p104'.
grib_to_netcdf: Defining variable 'p105'.
grib_to_netcdf: Defining variable 'p106'.
grib_to_netcdf: Defining variable 'p107'.
grib_to_netcdf: Defining variable 'p108'.
grib_to_netcdf: Defining variable 'p109'.
grib_to_netcdf: Defining variable 'p110'.
grib_to_netcdf: Defining variable 'p111'.
grib_to_netcdf: Defining variable 't'.
grib_to_netcdf: Defining variable 'q'.
grib_to_netcdf: Defining variable 'w'.
grib_to_netcdf: Defining variable 'vo'.
grib_to_netcdf: Defining variable 'lnsp'.
grib_to_netcdf: Defining variable 'd'.
grib_to_netcdf: Defining variable 'u'.
grib_to_netcdf: Defining variable 'v'.
grib_to_netcdf: Defining variable 'clwc'.
grib_to_netcdf: Defining variable 'co2'.
grib_to_netcdf: Defining variable 'ch4'.
grib_to_netcdf: Done.
Model level selected
mars - WARN - 
mars - WARN - 
MIR environment variables:
MIR_CACHE_PATH=/lus/h2resw01/cache:{FILE?/ec/cache.1}/cache:{FILE?/ec/cache.2}/cache
MIR_LSM_NAMED=1km.climate.v013
Using MARS binary: /usr/local/apps/mars/versions/6.34.7.1/bin/mars.bin
mars - INFO   - 20260807.102944 - Welcome to MARS
mars - INFO   - 20260807.102944 - MARS_HOME=/usr/local/apps/mars/configs/prod
mars - INFO   - 20260807.102944 - MARS Client build stamp: 20260623091402
mars - INFO   - 20260807.102944 - MARS Client bundle version: 6.34.7.1
mars - INFO   - 20260807.102944 - package mars-client version: 6.34.7
mars - INFO   - 20260807.102944 - package mir version: 1.23.9
mars - INFO   - 20260807.102944 - package odc version: 1.6.3
mars - INFO   - 20260807.102944 - package fdb version: 5.21.4
mars - INFO   - 20260807.102944 - package metkit version: 1.18.3
mars - INFO   - 20260807.102944 - package eckit version: 2.0.8
mars - INFO   - 20260807.102944 - package eccodes version: 2.47.2
# First retrieve profiles
retrieve,
anoffset=9,
class=rd,
date=20220518,
expver=iyw7,
levelist=1/50/51/52/53/54/55/56/57/58/59/60/61/62/63/64/65/66/67/68/69/70/71/72/73/74/75/76/77/78/79/80/81/82/83/84/85/86/87/88/89/90/91/92/93/94/95/96/97/98/99/100/101/102/103/104/105/106/107/108/109/110/111/112/113/114/115/116/117/118/119/120/121/122/123/124/125/126/127/128/129/130/131/132/133/134/135/136/137,
levtype=ml,
param=75/82/83/84/85/86/87/88/89/90/91/92/93/94/95/96/97/98/99/100/101/102/103/104/105/106/107/108/109/110/111/130/131/132/133/135/138/152/155/246/162100/162101/162104/162105/162106/162107/162109/210061/210062/210123/210181/217026,
step=0/1/2/3/4/5/6/7/8/9/10/11/12,
stream=oper,
time=00:00:00,
type=fc,
grid=0.2/0.2,
area=52.5/4.8/51.5/5.8,
interpolation=grid-box-average,
target="mars_ml_ctrl_49r2b.grb"

mars - INFO   - 20260807.102944 - Processing request 1

RETRIEVE,
    CLASS      = RD,
    TYPE       = FC,
    STREAM     = OPER,
    EXPVER     = iyw7,
    REPRES     = SH,
    LEVTYPE    = ML,
    LEVELIST   = 1/50/51/52/53/54/55/56/57/58/59/60/61/62/63/64/65/66/67/68/69/70/71/72/73/74/75/76/77/78/79/80/81/82/83/84/85/86/87/88/89/90/91/92/93/94/95/96/97/98/99/100/101/102/103/104/105/106/107/108/109/110/111/112/113/114/115/116/117/118/119/120/121/122/123/124/125/126/127/128/129/130/131/132/133/134/135/136/137,
    PARAM      = 75/82/83/84/85/86/87/88/89/90/91/92/93/94/95/96/97/98/99/100/101/102/103/104/105/106/107/108/109/110/111/130/131/132/133/135/138/152/155/246/162100/162101/162104/162105/162106/162107/162109/210061/210062/210123/210181/217026,
    DATE       = 20220518,
    TIME       = 0000,
    STEP       = 0/1/2/3/4/5/6/7/8/9/10/11/12,
    DOMAIN     = G,
    TARGET     = "mars_ml_ctrl_49r2b.grb",
    RESOL      = AUTO,
    INTERPOLATION = GRID-BOX-AVERAGE,
    AREA       = 52.5/4.8/51.5/5.8,
    GRID       = 0.2/0.2

mars - INFO   - 20260807.102945 - Requesting 59020 fields
mars - INFO   - 20260807.102945 - FDB home /home/fdbprod
mars - INFO   - 20260807.102945 - Setting SO_SNDBUF to 33554432 (32.00 M)
mars - INFO   - 20260807.102945 - Current value is 32768 (32.00 K)
mars - INFO   - 20260807.102945 - Setting SO_RCVBUF to 33554432 (32.00 M)
mars - INFO   - 20260807.102945 - Current value is 43690 (42.67 K)
mars - INFO   - 20260807.102945 - Calling mars on 'marsrd-core', local port is 42325
mars - INFO   - 20260807.102945 - Callback at address 10.100.192.138, port 42325
mars - INFO   - 20260807.102945 - Mars client is on ac6-138.bullx (10.100.192.138) 42325
mars - INFO   - 20260807.102945 - Mars server is on 10.112.4.10 59521
mars - INFO   - 20260807.102945 - Server task is 4123 [marsrd]
mars - INFO   - 20260807.102945 - Request cost: 45,136 fields, 20.1031 Gbytes on 1 tape, nodes: hpss, libraries: ibmlib07_70 [marsrd]
mars - INFO   - 20260807.102945 - The efficiency of your requests in the last 12 hours is 52% [marsrd]
mars - INFO   - 20260807.102945 - Wind conversion requested by server
mars - INFO   - 20260807.110223 - Transfering 21585488518 bytes
mars - INFO   - 20260807.110224 - ShToGridded: loading Legendre coefficients '/lus/h2resw01/cache/mir/legendre/4/local-T399-GaussianN400-OPT4189816c2e.leg'
mars - INFO   - 20260807.110225 - Deriving U and V from vorticity and divergence
mars - WARN   - 20260807.111325 - Visiting database marsrd : expected 59020, got 47450
mars - INFO   - 20260807.111325 - 47450 fields have been interpolated on 'ac6-138.bullx'
mars - ERROR  - 20260807.111325 - Last error is -43
mars - ERROR  - 20260807.111325 - Expected 59020, got 47450.
mars - ERROR  - 20260807.111325 - Request failed
mars - INFO   - 20260807.111325 - Request time:  wall: 43 min 40 sec  cpu: 10 min 56 sec 
mars - INFO   - 20260807.111325 -   Read from network: 20.10 Gbyte(s) in 18 sec  [1.11 Gbyte/sec] 
mars - INFO   - 20260807.111325 -   Processing in marsrd: wall: 32 min 38 sec 
mars - INFO   - 20260807.111325 -   Visiting marsrd: wall: 43 min 40 sec 
mars - INFO   - 20260807.111325 -   Post-processing: wall: 8 min 23 sec cpu: 8 min 19 sec 
mars - INFO   - 20260807.111325 -   Writing to target file: 64.11 Mbyte(s) in 1 sec  [56.06 Mbyte/sec] cpu: 1 sec 
mars - INFO   - 20260807.111325 - Memory used: 135.36 Mbyte(s)
mars - ERROR  - 20260807.111325 - Some errors reported (last error -1)
grib_to_netcdf: Version 2.47.0
grib_to_netcdf: Processing input file 'mars_ml_ctrl_49r2b.grb'.
grib_to_netcdf: Found 47450 GRIB fields in 1 file.
grib_to_netcdf: Ignoring key(s): method, type, stream, refdate, hdate
grib_to_netcdf: Creating netCDF file 'iyw7_ctrl_49r2b_ml_20220518_0.nc'
grib_to_netcdf: NetCDF library version: 4.10.0 of Apr  9 2026 13:13:33 $
grib_to_netcdf: Creating large (64 bit) file format.
grib_to_netcdf: Defining variable 'crwc'.
grib_to_netcdf: Defining variable 'p82'.
grib_to_netcdf: Defining variable 'p83'.
grib_to_netcdf: Defining variable 'p84'.
grib_to_netcdf: Defining variable 'p85'.
grib_to_netcdf: Defining variable 'p86'.
grib_to_netcdf: Defining variable 'p87'.
grib_to_netcdf: Defining variable 'p88'.
grib_to_netcdf: Defining variable 'p89'.
grib_to_netcdf: Defining variable 'p90'.
grib_to_netcdf: Defining variable 'p91'.
grib_to_netcdf: Defining variable 'p92'.
grib_to_netcdf: Defining variable 'p93'.
grib_to_netcdf: Defining variable 'p94'.
grib_to_netcdf: Defining variable 'p95'.
grib_to_netcdf: Defining variable 'p96'.
grib_to_netcdf: Defining variable 'p97'.
grib_to_netcdf: Defining variable 'p98'.
grib_to_netcdf: Defining variable 'p99'.
grib_to_netcdf: Defining variable 'p100'.
grib_to_netcdf: Defining variable 'p101'.
grib_to_netcdf: Defining variable 'p102'.
grib_to_netcdf: Defining variable 'p103'.
grib_to_netcdf: Defining variable 'p104'.
grib_to_netcdf: Defining variable 'p105'.
grib_to_netcdf: Defining variable 'p106'.
grib_to_netcdf: Defining variable 'p107'.
grib_to_netcdf: Defining variable 'p108'.
grib_to_netcdf: Defining variable 'p109'.
grib_to_netcdf: Defining variable 'p110'.
grib_to_netcdf: Defining variable 'p111'.
grib_to_netcdf: Defining variable 't'.
grib_to_netcdf: Defining variable 'q'.
grib_to_netcdf: Defining variable 'w'.
grib_to_netcdf: Defining variable 'vo'.
grib_to_netcdf: Defining variable 'lnsp'.
grib_to_netcdf: Defining variable 'd'.
grib_to_netcdf: Defining variable 'u'.
grib_to_netcdf: Defining variable 'v'.
grib_to_netcdf: Defining variable 'clwc'.
grib_to_netcdf: Defining variable 'co2'.
grib_to_netcdf: Defining variable 'ch4'.
grib_to_netcdf: Done.
Model level selected
mars - WARN - 
mars - WARN - 
MIR environment variables:
MIR_CACHE_PATH=/lus/h2resw01/cache:{FILE?/ec/cache.1}/cache:{FILE?/ec/cache.2}/cache
MIR_LSM_NAMED=1km.climate.v013
Using MARS binary: /usr/local/apps/mars/versions/6.34.7.1/bin/mars.bin
mars - INFO   - 20260807.111640 - Welcome to MARS
mars - INFO   - 20260807.111640 - MARS_HOME=/usr/local/apps/mars/configs/prod
mars - INFO   - 20260807.111640 - MARS Client build stamp: 20260623091402
mars - INFO   - 20260807.111640 - MARS Client bundle version: 6.34.7.1
mars - INFO   - 20260807.111640 - package mars-client version: 6.34.7
mars - INFO   - 20260807.111640 - package mir version: 1.23.9
mars - INFO   - 20260807.111640 - package odc version: 1.6.3
mars - INFO   - 20260807.111640 - package fdb version: 5.21.4
mars - INFO   - 20260807.111640 - package metkit version: 1.18.3
mars - INFO   - 20260807.111640 - package eckit version: 2.0.8
mars - INFO   - 20260807.111640 - package eccodes version: 2.47.2
# First retrieve profiles
retrieve,
anoffset=9,
class=rd,
date=20220518,
expver=iyw7,
levelist=1/50/51/52/53/54/55/56/57/58/59/60/61/62/63/64/65/66/67/68/69/70/71/72/73/74/75/76/77/78/79/80/81/82/83/84/85/86/87/88/89/90/91/92/93/94/95/96/97/98/99/100/101/102/103/104/105/106/107/108/109/110/111/112/113/114/115/116/117/118/119/120/121/122/123/124/125/126/127/128/129/130/131/132/133/134/135/136/137,
levtype=ml,
param=75/82/83/84/85/86/87/88/89/90/91/92/93/94/95/96/97/98/99/100/101/102/103/104/105/106/107/108/109/110/111/130/131/132/133/135/138/152/155/246/162100/162101/162104/162105/162106/162107/162109/210061/210062/210123/210181/217026,
step=12/13/14/15/16/17/18/19/20/21/22/23/24,
stream=oper,
time=00:00:00,
type=fc,
grid=0.2/0.2,
area=52.5/4.8/51.5/5.8,
interpolation=grid-box-average,
target="mars_ml_ctrl_49r2b.grb"

mars - INFO   - 20260807.111640 - Processing request 1

RETRIEVE,
    CLASS      = RD,
    TYPE       = FC,
    STREAM     = OPER,
    EXPVER     = iyw7,
    REPRES     = SH,
    LEVTYPE    = ML,
    LEVELIST   = 1/50/51/52/53/54/55/56/57/58/59/60/61/62/63/64/65/66/67/68/69/70/71/72/73/74/75/76/77/78/79/80/81/82/83/84/85/86/87/88/89/90/91/92/93/94/95/96/97/98/99/100/101/102/103/104/105/106/107/108/109/110/111/112/113/114/115/116/117/118/119/120/121/122/123/124/125/126/127/128/129/130/131/132/133/134/135/136/137,
    PARAM      = 75/82/83/84/85/86/87/88/89/90/91/92/93/94/95/96/97/98/99/100/101/102/103/104/105/106/107/108/109/110/111/130/131/132/133/135/138/152/155/246/162100/162101/162104/162105/162106/162107/162109/210061/210062/210123/210181/217026,
    DATE       = 20220518,
    TIME       = 0000,
    STEP       = 12/13/14/15/16/17/18/19/20/21/22/23/24,
    DOMAIN     = G,
    TARGET     = "mars_ml_ctrl_49r2b.grb",
    RESOL      = AUTO,
    INTERPOLATION = GRID-BOX-AVERAGE,
    AREA       = 52.5/4.8/51.5/5.8,
    GRID       = 0.2/0.2

mars - INFO   - 20260807.111640 - Requesting 59020 fields
mars - INFO   - 20260807.111640 - FDB home /home/fdbprod
mars - INFO   - 20260807.111641 - Setting SO_SNDBUF to 33554432 (32.00 M)
mars - INFO   - 20260807.111641 - Current value is 32768 (32.00 K)
mars - INFO   - 20260807.111641 - Setting SO_RCVBUF to 33554432 (32.00 M)
mars - INFO   - 20260807.111641 - Current value is 43690 (42.67 K)
mars - INFO   - 20260807.111641 - Calling mars on 'marsrd-core', local port is 54535
mars - INFO   - 20260807.111641 - Callback at address 10.100.192.138, port 54535
mars - INFO   - 20260807.111641 - Mars client is on ac6-138.bullx (10.100.192.138) 54535
mars - INFO   - 20260807.111641 - Mars server is on 10.112.4.10 57385
mars - INFO   - 20260807.111641 - Server task is 9136 [marsrd]
mars - INFO   - 20260807.111641 - Request cost: 45,136 fields, 1.66914 Gbytes online, 20.3363 Gbytes on 1 tape, nodes: hpss mvr004, libraries: ibmlib07_70 [marsrd]
mars - INFO   - 20260807.111641 - The efficiency of your requests in the last 12 hours is 53% [marsrd]
mars - INFO   - 20260807.111641 - Wind conversion requested by server
mars - INFO   - 20260807.113015 - Transfering 23628156046 bytes
mars - INFO   - 20260807.113016 - ShToGridded: loading Legendre coefficients '/lus/h2resw01/cache/mir/legendre/4/local-T399-GaussianN400-OPT4189816c2e.leg'
mars - INFO   - 20260807.113017 - Deriving U and V from vorticity and divergence
mars - WARN   - 20260807.114215 - Visiting database marsrd : expected 59020, got 47450
mars - INFO   - 20260807.114215 - 47450 fields have been interpolated on 'ac6-138.bullx'
mars - ERROR  - 20260807.114215 - Last error is -43
mars - ERROR  - 20260807.114215 - Expected 59020, got 47450.
mars - ERROR  - 20260807.114215 - Request failed
mars - INFO   - 20260807.114215 - Request time:  wall: 25 min 35 sec  cpu: 11 min 48 sec 
mars - INFO   - 20260807.114215 -   Read from network: 22.01 Gbyte(s) in 21 sec  [1.03 Gbyte/sec] 
mars - INFO   - 20260807.114215 -   Processing in marsrd: wall: 13 min 35 sec 
mars - INFO   - 20260807.114215 -   Visiting marsrd: wall: 25 min 34 sec 
mars - INFO   - 20260807.114215 -   Post-processing: wall: 9 min 6 sec cpu: 8 min 56 sec 
mars - INFO   - 20260807.114215 -   Writing to target file: 64.47 Mbyte(s) in 1 sec  [54.22 Mbyte/sec] cpu: 1 sec 
mars - INFO   - 20260807.114215 - Memory used: 135.45 Mbyte(s)
mars - ERROR  - 20260807.114215 - Some errors reported (last error -1)
grib_to_netcdf: Version 2.47.0
grib_to_netcdf: Processing input file 'mars_ml_ctrl_49r2b.grb'.
grib_to_netcdf: Found 47450 GRIB fields in 1 file.
grib_to_netcdf: Ignoring key(s): method, type, stream, refdate, hdate
grib_to_netcdf: Creating netCDF file 'iyw7_ctrl_49r2b_ml_20220518_12.nc'
grib_to_netcdf: NetCDF library version: 4.10.0 of Apr  9 2026 13:13:33 $
grib_to_netcdf: Creating large (64 bit) file format.
grib_to_netcdf: Defining variable 'crwc'.
grib_to_netcdf: Defining variable 'p82'.
grib_to_netcdf: Defining variable 'p83'.
grib_to_netcdf: Defining variable 'p84'.
grib_to_netcdf: Defining variable 'p85'.
grib_to_netcdf: Defining variable 'p86'.
grib_to_netcdf: Defining variable 'p87'.
grib_to_netcdf: Defining variable 'p88'.
grib_to_netcdf: Defining variable 'p89'.
grib_to_netcdf: Defining variable 'p90'.
grib_to_netcdf: Defining variable 'p91'.
grib_to_netcdf: Defining variable 'p92'.
grib_to_netcdf: Defining variable 'p93'.
grib_to_netcdf: Defining variable 'p94'.
grib_to_netcdf: Defining variable 'p95'.
grib_to_netcdf: Defining variable 'p96'.
grib_to_netcdf: Defining variable 'p97'.
grib_to_netcdf: Defining variable 'p98'.
grib_to_netcdf: Defining variable 'p99'.
grib_to_netcdf: Defining variable 'p100'.
grib_to_netcdf: Defining variable 'p101'.
grib_to_netcdf: Defining variable 'p102'.
grib_to_netcdf: Defining variable 'p103'.
grib_to_netcdf: Defining variable 'p104'.
grib_to_netcdf: Defining variable 'p105'.
grib_to_netcdf: Defining variable 'p106'.
grib_to_netcdf: Defining variable 'p107'.
grib_to_netcdf: Defining variable 'p108'.
grib_to_netcdf: Defining variable 'p109'.
grib_to_netcdf: Defining variable 'p110'.
grib_to_netcdf: Defining variable 'p111'.
grib_to_netcdf: Defining variable 't'.
grib_to_netcdf: Defining variable 'q'.
grib_to_netcdf: Defining variable 'w'.
grib_to_netcdf: Defining variable 'vo'.
grib_to_netcdf: Defining variable 'lnsp'.
grib_to_netcdf: Defining variable 'd'.
grib_to_netcdf: Defining variable 'u'.
grib_to_netcdf: Defining variable 'v'.
grib_to_netcdf: Defining variable 'clwc'.
grib_to_netcdf: Defining variable 'co2'.
grib_to_netcdf: Defining variable 'ch4'.
grib_to_netcdf: Done.
Model level selected
mars - WARN - 
mars - WARN - 
MIR environment variables:
MIR_CACHE_PATH=/lus/h2resw01/cache:{FILE?/ec/cache.1}/cache:{FILE?/ec/cache.2}/cache
MIR_LSM_NAMED=1km.climate.v013
Using MARS binary: /usr/local/apps/mars/versions/6.34.7.1/bin/mars.bin
mars - INFO   - 20260807.114546 - Welcome to MARS
mars - INFO   - 20260807.114546 - MARS_HOME=/usr/local/apps/mars/configs/prod
mars - INFO   - 20260807.114546 - MARS Client build stamp: 20260623091402
mars - INFO   - 20260807.114546 - MARS Client bundle version: 6.34.7.1
mars - INFO   - 20260807.114546 - package mars-client version: 6.34.7
mars - INFO   - 20260807.114546 - package mir version: 1.23.9
mars - INFO   - 20260807.114546 - package odc version: 1.6.3
mars - INFO   - 20260807.114546 - package fdb version: 5.21.4
mars - INFO   - 20260807.114546 - package metkit version: 1.18.3
mars - INFO   - 20260807.114546 - package eckit version: 2.0.8
mars - INFO   - 20260807.114546 - package eccodes version: 2.47.2
# First retrieve profiles
retrieve,
anoffset=9,
class=rd,
date=20220519,
expver=iyw7,
levelist=1/50/51/52/53/54/55/56/57/58/59/60/61/62/63/64/65/66/67/68/69/70/71/72/73/74/75/76/77/78/79/80/81/82/83/84/85/86/87/88/89/90/91/92/93/94/95/96/97/98/99/100/101/102/103/104/105/106/107/108/109/110/111/112/113/114/115/116/117/118/119/120/121/122/123/124/125/126/127/128/129/130/131/132/133/134/135/136/137,
levtype=ml,
param=75/82/83/84/85/86/87/88/89/90/91/92/93/94/95/96/97/98/99/100/101/102/103/104/105/106/107/108/109/110/111/130/131/132/133/135/138/152/155/246/162100/162101/162104/162105/162106/162107/162109/210061/210062/210123/210181/217026,
step=0/1/2/3/4/5/6/7/8/9/10/11/12,
stream=oper,
time=00:00:00,
type=fc,
grid=0.2/0.2,
area=52.5/4.8/51.5/5.8,
interpolation=grid-box-average,
target="mars_ml_ctrl_49r2b.grb"

mars - INFO   - 20260807.114546 - Processing request 1

RETRIEVE,
    CLASS      = RD,
    TYPE       = FC,
    STREAM     = OPER,
    EXPVER     = iyw7,
    REPRES     = SH,
    LEVTYPE    = ML,
    LEVELIST   = 1/50/51/52/53/54/55/56/57/58/59/60/61/62/63/64/65/66/67/68/69/70/71/72/73/74/75/76/77/78/79/80/81/82/83/84/85/86/87/88/89/90/91/92/93/94/95/96/97/98/99/100/101/102/103/104/105/106/107/108/109/110/111/112/113/114/115/116/117/118/119/120/121/122/123/124/125/126/127/128/129/130/131/132/133/134/135/136/137,
    PARAM      = 75/82/83/84/85/86/87/88/89/90/91/92/93/94/95/96/97/98/99/100/101/102/103/104/105/106/107/108/109/110/111/130/131/132/133/135/138/152/155/246/162100/162101/162104/162105/162106/162107/162109/210061/210062/210123/210181/217026,
    DATE       = 20220519,
    TIME       = 0000,
    STEP       = 0/1/2/3/4/5/6/7/8/9/10/11/12,
    DOMAIN     = G,
    TARGET     = "mars_ml_ctrl_49r2b.grb",
    RESOL      = AUTO,
    INTERPOLATION = GRID-BOX-AVERAGE,
    AREA       = 52.5/4.8/51.5/5.8,
    GRID       = 0.2/0.2

mars - INFO   - 20260807.114547 - Requesting 59020 fields
mars - INFO   - 20260807.114547 - FDB home /home/fdbprod
mars - INFO   - 20260807.114547 - Setting SO_SNDBUF to 33554432 (32.00 M)
mars - INFO   - 20260807.114547 - Current value is 32768 (32.00 K)
mars - INFO   - 20260807.114547 - Setting SO_RCVBUF to 33554432 (32.00 M)
mars - INFO   - 20260807.114547 - Current value is 43690 (42.67 K)
mars - INFO   - 20260807.114547 - Calling mars on 'marsrd-core', local port is 55481
mars - INFO   - 20260807.114547 - Callback at address 10.100.192.138, port 55481
mars - INFO   - 20260807.115004 - Mars client is on ac6-138.bullx (10.100.192.138) 55481
mars - INFO   - 20260807.115004 - Mars server is on 10.112.4.10 46015
mars - INFO   - 20260807.115004 - Server task is 4132 [marsrd]
mars - INFO   - 20260807.115004 - Request cost: 45,136 fields, 20.0366 Gbytes on 1 tape, nodes: hpss, libraries: ibmlib07_70 [marsrd]
mars - INFO   - 20260807.115004 - The efficiency of your requests in the last 12 hours is 53% [marsrd]
mars - INFO   - 20260807.115004 - Wind conversion requested by server
mars - INFO   - 20260807.143209 - Transfering 21514167702 bytes
mars - INFO   - 20260807.143210 - ShToGridded: loading Legendre coefficients '/lus/h2resw01/cache/mir/legendre/4/local-T399-GaussianN400-OPT4189816c2e.leg'
mars - INFO   - 20260807.143228 - Deriving U and V from vorticity and divergence
mars - WARN   - 20260807.144329 - Visiting database marsrd : expected 59020, got 47450
mars - INFO   - 20260807.144329 - 47450 fields have been interpolated on 'ac6-138.bullx'
mars - ERROR  - 20260807.144329 - Last error is -43
mars - ERROR  - 20260807.144329 - Expected 59020, got 47450.
mars - ERROR  - 20260807.144329 - Request failed
mars - INFO   - 20260807.144329 - Request time:  wall: 2 hour 57 min 43 sec  cpu: 10 min 57 sec 
mars - INFO   - 20260807.144329 -   Read from network: 20.04 Gbyte(s) in 19 sec  [1.07 Gbyte/sec] 
mars - INFO   - 20260807.144329 -   Processing in marsrd: wall: 2 hour 46 min 22 sec 
mars - INFO   - 20260807.144329 -   Visiting marsrd: wall: 2 hour 57 min 42 sec 
mars - INFO   - 20260807.144329 -   Post-processing: wall: 8 min 40 sec cpu: 8 min 18 sec 
mars - INFO   - 20260807.144329 -   Writing to target file: 64.06 Mbyte(s) in 1 sec  [53.55 Mbyte/sec] cpu: 1 sec 
mars - INFO   - 20260807.144329 - Memory used: 134.82 Mbyte(s)
mars - ERROR  - 20260807.144329 - Some errors reported (last error -1)
grib_to_netcdf: Version 2.47.0
grib_to_netcdf: Processing input file 'mars_ml_ctrl_49r2b.grb'.
grib_to_netcdf: Found 47450 GRIB fields in 1 file.
grib_to_netcdf: Ignoring key(s): method, type, stream, refdate, hdate
grib_to_netcdf: Creating netCDF file 'iyw7_ctrl_49r2b_ml_20220519_0.nc'
grib_to_netcdf: NetCDF library version: 4.10.0 of Apr  9 2026 13:13:33 $
grib_to_netcdf: Creating large (64 bit) file format.
grib_to_netcdf: Defining variable 'crwc'.
grib_to_netcdf: Defining variable 'p82'.
grib_to_netcdf: Defining variable 'p83'.
grib_to_netcdf: Defining variable 'p84'.
grib_to_netcdf: Defining variable 'p85'.
grib_to_netcdf: Defining variable 'p86'.
grib_to_netcdf: Defining variable 'p87'.
grib_to_netcdf: Defining variable 'p88'.
grib_to_netcdf: Defining variable 'p89'.
grib_to_netcdf: Defining variable 'p90'.
grib_to_netcdf: Defining variable 'p91'.
grib_to_netcdf: Defining variable 'p92'.
grib_to_netcdf: Defining variable 'p93'.
grib_to_netcdf: Defining variable 'p94'.
grib_to_netcdf: Defining variable 'p95'.
grib_to_netcdf: Defining variable 'p96'.
grib_to_netcdf: Defining variable 'p97'.
grib_to_netcdf: Defining variable 'p98'.
grib_to_netcdf: Defining variable 'p99'.
grib_to_netcdf: Defining variable 'p100'.
grib_to_netcdf: Defining variable 'p101'.
grib_to_netcdf: Defining variable 'p102'.
grib_to_netcdf: Defining variable 'p103'.
grib_to_netcdf: Defining variable 'p104'.
grib_to_netcdf: Defining variable 'p105'.
grib_to_netcdf: Defining variable 'p106'.
grib_to_netcdf: Defining variable 'p107'.
grib_to_netcdf: Defining variable 'p108'.
grib_to_netcdf: Defining variable 'p109'.
grib_to_netcdf: Defining variable 'p110'.
grib_to_netcdf: Defining variable 'p111'.
grib_to_netcdf: Defining variable 't'.
grib_to_netcdf: Defining variable 'q'.
grib_to_netcdf: Defining variable 'w'.
grib_to_netcdf: Defining variable 'vo'.
grib_to_netcdf: Defining variable 'lnsp'.
grib_to_netcdf: Defining variable 'd'.
grib_to_netcdf: Defining variable 'u'.
grib_to_netcdf: Defining variable 'v'.
grib_to_netcdf: Defining variable 'clwc'.
grib_to_netcdf: Defining variable 'co2'.
grib_to_netcdf: Defining variable 'ch4'.
grib_to_netcdf: Done.
Model level selected
mars - WARN - 
mars - WARN - 
MIR environment variables:
MIR_CACHE_PATH=/lus/h2resw01/cache:{FILE?/ec/cache.1}/cache:{FILE?/ec/cache.2}/cache
MIR_LSM_NAMED=1km.climate.v013
Using MARS binary: /usr/local/apps/mars/versions/6.34.7.1/bin/mars.bin
mars - INFO   - 20260807.144641 - Welcome to MARS
mars - INFO   - 20260807.144641 - MARS_HOME=/usr/local/apps/mars/configs/prod
mars - INFO   - 20260807.144641 - MARS Client build stamp: 20260623091402
mars - INFO   - 20260807.144641 - MARS Client bundle version: 6.34.7.1
mars - INFO   - 20260807.144641 - package mars-client version: 6.34.7
mars - INFO   - 20260807.144641 - package mir version: 1.23.9
mars - INFO   - 20260807.144641 - package odc version: 1.6.3
mars - INFO   - 20260807.144641 - package fdb version: 5.21.4
mars - INFO   - 20260807.144641 - package metkit version: 1.18.3
mars - INFO   - 20260807.144641 - package eckit version: 2.0.8
mars - INFO   - 20260807.144641 - package eccodes version: 2.47.2
# First retrieve profiles
retrieve,
anoffset=9,
class=rd,
date=20220519,
expver=iyw7,
levelist=1/50/51/52/53/54/55/56/57/58/59/60/61/62/63/64/65/66/67/68/69/70/71/72/73/74/75/76/77/78/79/80/81/82/83/84/85/86/87/88/89/90/91/92/93/94/95/96/97/98/99/100/101/102/103/104/105/106/107/108/109/110/111/112/113/114/115/116/117/118/119/120/121/122/123/124/125/126/127/128/129/130/131/132/133/134/135/136/137,
levtype=ml,
param=75/82/83/84/85/86/87/88/89/90/91/92/93/94/95/96/97/98/99/100/101/102/103/104/105/106/107/108/109/110/111/130/131/132/133/135/138/152/155/246/162100/162101/162104/162105/162106/162107/162109/210061/210062/210123/210181/217026,
step=12/13/14/15/16/17/18/19/20/21/22/23/24,
stream=oper,
time=00:00:00,
type=fc,
grid=0.2/0.2,
area=52.5/4.8/51.5/5.8,
interpolation=grid-box-average,
target="mars_ml_ctrl_49r2b.grb"

mars - INFO   - 20260807.144641 - Processing request 1

RETRIEVE,
    CLASS      = RD,
    TYPE       = FC,
    STREAM     = OPER,
    EXPVER     = iyw7,
    REPRES     = SH,
    LEVTYPE    = ML,
    LEVELIST   = 1/50/51/52/53/54/55/56/57/58/59/60/61/62/63/64/65/66/67/68/69/70/71/72/73/74/75/76/77/78/79/80/81/82/83/84/85/86/87/88/89/90/91/92/93/94/95/96/97/98/99/100/101/102/103/104/105/106/107/108/109/110/111/112/113/114/115/116/117/118/119/120/121/122/123/124/125/126/127/128/129/130/131/132/133/134/135/136/137,
    PARAM      = 75/82/83/84/85/86/87/88/89/90/91/92/93/94/95/96/97/98/99/100/101/102/103/104/105/106/107/108/109/110/111/130/131/132/133/135/138/152/155/246/162100/162101/162104/162105/162106/162107/162109/210061/210062/210123/210181/217026,
    DATE       = 20220519,
    TIME       = 0000,
    STEP       = 12/13/14/15/16/17/18/19/20/21/22/23/24,
    DOMAIN     = G,
    TARGET     = "mars_ml_ctrl_49r2b.grb",
    RESOL      = AUTO,
    INTERPOLATION = GRID-BOX-AVERAGE,
    AREA       = 52.5/4.8/51.5/5.8,
    GRID       = 0.2/0.2

mars - INFO   - 20260807.144641 - Requesting 59020 fields
mars - INFO   - 20260807.144641 - FDB home /home/fdbprod
mars - INFO   - 20260807.144642 - Setting SO_SNDBUF to 33554432 (32.00 M)
mars - INFO   - 20260807.144642 - Current value is 32768 (32.00 K)
mars - INFO   - 20260807.144642 - Setting SO_RCVBUF to 33554432 (32.00 M)
mars - INFO   - 20260807.144642 - Current value is 43690 (42.67 K)
mars - INFO   - 20260807.144642 - Calling mars on 'marsrd-core', local port is 35439
mars - INFO   - 20260807.144642 - Callback at address 10.100.192.138, port 35439
mars - INFO   - 20260807.144642 - Mars client is on ac6-138.bullx (10.100.192.138) 35439
mars - INFO   - 20260807.144642 - Mars server is on 10.112.4.10 54819
mars - INFO   - 20260807.144642 - Server task is 8834 [marsrd]
mars - INFO   - 20260807.144642 - Request cost: 45,136 fields, 1.65557 Gbytes online, 20.365 Gbytes on 1 tape, nodes: hpss mvr011, libraries: ibmlib07_70 [marsrd]
mars - INFO   - 20260807.144642 - The efficiency of your requests in the last 12 hours is 45% [marsrd]
mars - INFO   - 20260807.144642 - Wind conversion requested by server
mars - ERROR  - 20260807.171229 - Mars server task finished in error
mars - ERROR  - 20260807.171229 - Double buffer error: Failed HPSS call: n = ::hpss_Read(fd_, buffer, size), path = /mars/prod/rd/7/marsrdoper/iyw7/fc.20220519.ml.20607758.20260726.125305, volume = F0363700 in  (/home/cloud-user/git/mars-hpss/src/mars/hpss/HPSSReadHandle.cc:308 read1) (Input/output error err=-5 function=API_core_ReadFile request=3148632d0194e643a318617e2e9bc1b5)(RemoteException from Connector[mvr011,bods1-ab0610:9701]) [marsrd]
mars - WARN   - 20260807.171229 - Retry failure forever
mars - ERROR  - 20260807.171229 - Error code is -7776
mars - WARN   - 20260807.171229 - Sleeping 4 minutes
mars - INFO   - 20260807.171629 - Calling mars on 'marsrd-core', local port is 46933
mars - INFO   - 20260807.171629 - Callback at address 10.100.192.138, port 46933
mars - INFO   - 20260807.171629 - Mars client is on ac6-138.bullx (10.100.192.138) 46933
mars - INFO   - 20260807.171629 - Mars server is on 10.112.4.10 35447
mars - INFO   - 20260807.171629 - Server task is 9968 [marsrd]
mars - INFO   - 20260807.171629 - Request cost: 45,136 fields, 1.65557 Gbytes online, 20.365 Gbytes on 1 tape, nodes: hpss mvr011, libraries: ibmlib07_70 [marsrd]
mars - INFO   - 20260807.171629 - The efficiency of your requests in the last 12 hours is 42% [marsrd]
mars - INFO   - 20260807.171629 - Wind conversion requested by server
mars - ERROR  - 20260807.175018 - Mars server task finished in error
mars - ERROR  - 20260807.175018 - Double buffer error: Failed HPSS call: n = ::hpss_Read(fd_, buffer, size), path = /mars/prod/rd/7/marsrdoper/iyw7/fc.20220519.ml.20607758.20260726.125305, volume = F0363700 in  (/home/cloud-user/git/mars-hpss/src/mars/hpss/HPSSReadHandle.cc:308 read1) (Input/output error err=-5 function=API_core_ReadFile request=279885d929b5fe4fae022e594933217e)(RemoteException from Connector[mvr010,bods1-ag0510:9701]) [marsrd]
mars - WARN   - 20260807.175018 - Retry failure forever
mars - ERROR  - 20260807.175018 - Error code is -7776
mars - WARN   - 20260807.175018 - Sleeping 6 minutes
mars - INFO   - 20260807.175618 - Calling mars on 'marsrd-core', local port is 48465
mars - INFO   - 20260807.175618 - Callback at address 10.100.192.138, port 48465
mars - INFO   - 20260807.175618 - Mars client is on ac6-138.bullx (10.100.192.138) 48465
mars - INFO   - 20260807.175618 - Mars server is on 10.112.4.10 44345
mars - INFO   - 20260807.175618 - Server task is 1071 [marsrd]
mars - INFO   - 20260807.175618 - Request cost: 45,136 fields, 1.65557 Gbytes online, 20.365 Gbytes on 1 tape, nodes: hpss mvr011, libraries: ibmlib07_70 [marsrd]
mars - INFO   - 20260807.175618 - The efficiency of your requests in the last 12 hours is 42% [marsrd]
mars - INFO   - 20260807.175618 - Wind conversion requested by server
mars - ERROR  - 20260807.182656 - Mars server task finished in error
mars - ERROR  - 20260807.182656 - Double buffer error: Failed HPSS call: n = ::hpss_Read(fd_, buffer, size), path = /mars/prod/rd/7/marsrdoper/iyw7/fc.20220519.ml.20607758.20260726.125305, volume = F0363700 in  (/home/cloud-user/git/mars-hpss/src/mars/hpss/HPSSReadHandle.cc:308 read1) (Input/output error err=-5 function=API_core_ReadFile request=00ade1a23558bf47a4cdcd2a605aea1b)(RemoteException from Connector[mvr005,bods1-ag0719:9701]) [marsrd]
mars - WARN   - 20260807.182656 - Retry failure forever
mars - ERROR  - 20260807.182656 - Error code is -7776
mars - WARN   - 20260807.182656 - Sleeping 8 minutes
mars - INFO   - 20260807.183456 - Calling mars on 'marsrd-core', local port is 34827
mars - INFO   - 20260807.183456 - Callback at address 10.100.192.138, port 34827
mars - INFO   - 20260807.183456 - Mars client is on ac6-138.bullx (10.100.192.138) 34827
mars - INFO   - 20260807.183456 - Mars server is on 10.112.4.10 54577
mars - INFO   - 20260807.183456 - Server task is 6852 [marsrd]
mars - INFO   - 20260807.183456 - Request cost: 45,136 fields, 1.65557 Gbytes online, 20.365 Gbytes on 1 tape, nodes: hpss mvr011, libraries: ibmlib07_70 [marsrd]
mars - INFO   - 20260807.183456 - The efficiency of your requests in the last 12 hours is 41% [marsrd]
mars - INFO   - 20260807.183456 - Wind conversion requested by server
mars - ERROR  - 20260807.190324 - Mars server task finished in error
mars - ERROR  - 20260807.190324 - Double buffer error: Failed HPSS call: n = ::hpss_Read(fd_, buffer, size), path = /mars/prod/rd/7/marsrdoper/iyw7/fc.20220519.ml.20607758.20260726.125305, volume = F0363700 in  (/home/cloud-user/git/mars-hpss/src/mars/hpss/HPSSReadHandle.cc:308 read1) (Input/output error err=-5 function=API_core_ReadFile request=f11735c1d59edb4fa48a83c7f5d0bc4f)(RemoteException from Connector[mvr010,bods1-ag0510:9701]) [marsrd]
mars - WARN   - 20260807.190324 - Retry failure forever
mars - ERROR  - 20260807.190324 - Error code is -7776
mars - WARN   - 20260807.190324 - Sleeping 10 minutes
mars - INFO   - 20260807.191324 - Calling mars on 'marsrd-core', local port is 56327
mars - INFO   - 20260807.191324 - Callback at address 10.100.192.138, port 56327
mars - INFO   - 20260807.191324 - Mars client is on ac6-138.bullx (10.100.192.138) 56327
mars - INFO   - 20260807.191324 - Mars server is on 10.112.4.10 50609
mars - INFO   - 20260807.191324 - Server task is 1834 [marsrd]
mars - INFO   - 20260807.191324 - Request cost: 45,136 fields, 1.65557 Gbytes online, 20.365 Gbytes on 1 tape, nodes: hpss mvr011, libraries: ibmlib07_70 [marsrd]
mars - INFO   - 20260807.191324 - The efficiency of your requests in the last 12 hours is 40% [marsrd]
mars - INFO   - 20260807.191324 - Wind conversion requested by server
mars - ERROR  - 20260807.194005 - Mars server task finished in error
mars - ERROR  - 20260807.194005 - Double buffer error: Failed HPSS call: n = ::hpss_Read(fd_, buffer, size), path = /mars/prod/rd/7/marsrdoper/iyw7/fc.20220519.ml.20607758.20260726.125305, volume = F0363700 in  (/home/cloud-user/git/mars-hpss/src/mars/hpss/HPSSReadHandle.cc:308 read1) (Input/output error err=-5 function=API_core_ReadFile request=7b75d03b20f6054aab59797045eb25b5)(RemoteException from Connector[mvr006,bods1-ag0516:9701]) [marsrd]
mars - WARN   - 20260807.194005 - Retry failure forever
mars - ERROR  - 20260807.194005 - Error code is -7776
mars - WARN   - 20260807.194005 - Sleeping 12 minutes
mars - INFO   - 20260807.195205 - Calling mars on 'marsrd-core', local port is 44463
mars - INFO   - 20260807.195205 - Callback at address 10.100.192.138, port 44463
mars - INFO   - 20260807.195206 - Mars client is on ac6-138.bullx (10.100.192.138) 44463
mars - INFO   - 20260807.195206 - Mars server is on 10.112.4.10 47919
mars - INFO   - 20260807.195206 - Server task is 9677 [marsrd]
mars - INFO   - 20260807.195206 - Request cost: 45,136 fields, 1.65557 Gbytes online, 20.365 Gbytes on 1 tape, nodes: hpss mvr011, libraries: ibmlib07_70 [marsrd]
mars - INFO   - 20260807.195206 - The efficiency of your requests in the last 12 hours is 40% [marsrd]
mars - INFO   - 20260807.195206 - Wind conversion requested by server
mars - ERROR  - 20260807.201653 - Mars server task finished in error
mars - ERROR  - 20260807.201653 - Double buffer error: Failed HPSS call: n = ::hpss_Read(fd_, buffer, size), path = /mars/prod/rd/7/marsrdoper/iyw7/fc.20220519.ml.20607758.20260726.125305, volume = F0363700 in  (/home/cloud-user/git/mars-hpss/src/mars/hpss/HPSSReadHandle.cc:308 read1) (Input/output error err=-5 function=API_core_ReadFile request=a2a977e7a1b1a04cac63c716b484908f)(RemoteException from Connector[mvr013,bods1-ab0613:9701]) [marsrd]
mars - WARN   - 20260807.201653 - Retry failure forever
mars - ERROR  - 20260807.201653 - Error code is -7776
mars - WARN   - 20260807.201653 - Sleeping 14 minutes
mars - INFO   - 20260807.203053 - Calling mars on 'marsrd-core', local port is 48751
mars - INFO   - 20260807.203053 - Callback at address 10.100.192.138, port 48751
mars - INFO   - 20260807.203053 - Mars client is on ac6-138.bullx (10.100.192.138) 48751
mars - INFO   - 20260807.203053 - Mars server is on 10.112.4.10 60917
mars - INFO   - 20260807.203053 - Server task is 7366 [marsrd]
mars - INFO   - 20260807.203053 - Request cost: 45,136 fields, 1.65557 Gbytes online, 20.365 Gbytes on 1 tape, nodes: hpss mvr011, libraries: ibmlib07_70 [marsrd]
mars - INFO   - 20260807.203053 - The efficiency of your requests in the last 12 hours is 39% [marsrd]
mars - INFO   - 20260807.203053 - Wind conversion requested by server
mars - ERROR  - 20260807.205355 - Mars server task finished in error
mars - ERROR  - 20260807.205355 - Double buffer error: Failed HPSS call: n = ::hpss_Read(fd_, buffer, size), path = /mars/prod/rd/7/marsrdoper/iyw7/fc.20220519.ml.20607758.20260726.125305, volume = F0363700 in  (/home/cloud-user/git/mars-hpss/src/mars/hpss/HPSSReadHandle.cc:308 read1) (Input/output error err=-5 function=API_core_ReadFile request=51171b0c94f46b489d02133ee591859d)(RemoteException from Connector[mvr012,bods1-ab0611:9701]) [marsrd]
mars - WARN   - 20260807.205355 - Retry failure forever
mars - ERROR  - 20260807.205355 - Error code is -7776
mars - WARN   - 20260807.205355 - Sleeping 16 minutes
mars - INFO   - 20260807.210955 - Calling mars on 'marsrd-core', local port is 54167
mars - INFO   - 20260807.210955 - Callback at address 10.100.192.138, port 54167
mars - INFO   - 20260807.210955 - Mars client is on ac6-138.bullx (10.100.192.138) 54167
mars - INFO   - 20260807.210955 - Mars server is on 10.112.4.10 41275
mars - INFO   - 20260807.210955 - Server task is 4164 [marsrd]
mars - INFO   - 20260807.210955 - Request cost: 45,136 fields, 1.65557 Gbytes online, 20.365 Gbytes on 1 tape, nodes: hpss mvr011, libraries: ibmlib07_70 [marsrd]
mars - INFO   - 20260807.210955 - The efficiency of your requests in the last 12 hours is 39% [marsrd]
mars - INFO   - 20260807.210955 - Wind conversion requested by server
mars - ERROR  - 20260807.213050 - Mars server task finished in error
mars - ERROR  - 20260807.213050 - Double buffer error: Failed HPSS call: n = ::hpss_Read(fd_, buffer, size), path = /mars/prod/rd/7/marsrdoper/iyw7/fc.20220519.ml.20607758.20260726.125305, volume = F0363700 in  (/home/cloud-user/git/mars-hpss/src/mars/hpss/HPSSReadHandle.cc:308 read1) (Input/output error err=-5 function=API_core_ReadFile request=b34e1084ae0a4443b27f91cede95109c)(RemoteException from Connector[mvr014,bods1-ab0614:9701]) [marsrd]
mars - WARN   - 20260807.213050 - Retry failure forever
mars - ERROR  - 20260807.213050 - Error code is -7776
mars - WARN   - 20260807.213050 - Sleeping 18 minutes
mars - INFO   - 20260807.214850 - Calling mars on 'marsrd-core', local port is 55227
mars - INFO   - 20260807.214850 - Callback at address 10.100.192.138, port 55227
mars - INFO   - 20260807.214850 - Mars client is on ac6-138.bullx (10.100.192.138) 55227
mars - INFO   - 20260807.214850 - Mars server is on 10.112.4.10 42995
mars - INFO   - 20260807.214850 - Server task is 7927 [marsrd]
mars - INFO   - 20260807.214850 - Request cost: 45,136 fields, 1.65557 Gbytes online, 20.365 Gbytes on 1 tape, nodes: hpss mvr011, libraries: ibmlib07_70 [marsrd]
mars - INFO   - 20260807.214850 - The efficiency of your requests in the last 12 hours is 39% [marsrd]
mars - INFO   - 20260807.214850 - Wind conversion requested by server
mars - ERROR  - 20260807.220754 - Mars server task finished in error
mars - ERROR  - 20260807.220754 - Double buffer error: Failed HPSS call: n = ::hpss_Read(fd_, buffer, size), path = /mars/prod/rd/7/marsrdoper/iyw7/fc.20220519.ml.20607758.20260726.125305, volume = F0363700 in  (/home/cloud-user/git/mars-hpss/src/mars/hpss/HPSSReadHandle.cc:308 read1) (Input/output error err=-5 function=API_core_ReadFile request=b14a18c27a61a54d96ee54eadc74cc94)(RemoteException from Connector[mvr009,bods1-ag0512:9701]) [marsrd]
mars - WARN   - 20260807.220754 - Retry failure forever
mars - ERROR  - 20260807.220754 - Error code is -7776
mars - WARN   - 20260807.220754 - Sleeping 20 minutes
mars - INFO   - 20260807.222754 - Calling mars on 'marsrd-core', local port is 48227
mars - INFO   - 20260807.222754 - Callback at address 10.100.192.138, port 48227
mars - INFO   - 20260807.222754 - Mars client is on ac6-138.bullx (10.100.192.138) 48227
mars - INFO   - 20260807.222754 - Mars server is on 10.112.4.10 41737
mars - INFO   - 20260807.222754 - Server task is 6384 [marsrd]
mars - INFO   - 20260807.222754 - Request cost: 45,136 fields, 1.65557 Gbytes online, 20.365 Gbytes on 1 tape, nodes: hpss mvr011, libraries: ibmlib07_70 [marsrd]
mars - INFO   - 20260807.222754 - The efficiency of your requests in the last 12 hours is 34% [marsrd]
mars - INFO   - 20260807.222758 - Wind conversion requested by server
mars - ERROR  - 20260807.224628 - Mars server task finished in error
mars - ERROR  - 20260807.224628 - Double buffer error: Failed HPSS call: n = ::hpss_Read(fd_, buffer, size), path = /mars/prod/rd/7/marsrdoper/iyw7/fc.20220519.ml.20607758.20260726.125305, volume = F0363700 in  (/home/cloud-user/git/mars-hpss/src/mars/hpss/HPSSReadHandle.cc:308 read1) (Input/output error err=-5 function=API_core_ReadFile request=0956fa22b20d9d4cae377e0ee28c1758)(RemoteException from Connector[mvr005,bods1-ag0719:9701]) [marsrd]
mars - WARN   - 20260807.224628 - Retry failure forever
mars - ERROR  - 20260807.224628 - Error code is -7776
mars - WARN   - 20260807.224628 - Sleeping 20 minutes
mars - INFO   - 20260807.230628 - Calling mars on 'marsrd-core', local port is 39335
mars - INFO   - 20260807.230628 - Callback at address 10.100.192.138, port 39335
mars - INFO   - 20260807.230628 - Mars client is on ac6-138.bullx (10.100.192.138) 39335
mars - INFO   - 20260807.230628 - Mars server is on 10.112.4.10 36331
mars - INFO   - 20260807.230628 - Server task is 6368 [marsrd]
mars - INFO   - 20260807.230628 - Request cost: 45,136 fields, 1.65557 Gbytes online, 20.365 Gbytes on 1 tape, nodes: hpss mvr011, libraries: ibmlib07_70 [marsrd]
mars - INFO   - 20260807.230628 - The efficiency of your requests in the last 12 hours is 27% [marsrd]
mars - INFO   - 20260807.230628 - Wind conversion requested by server
mars - ERROR  - 20260807.232454 - Mars server task finished in error
mars - ERROR  - 20260807.232454 - Double buffer error: Failed HPSS call: n = ::hpss_Read(fd_, buffer, size), path = /mars/prod/rd/7/marsrdoper/iyw7/fc.20220519.ml.20607758.20260726.125305, volume = F0363700 in  (/home/cloud-user/git/mars-hpss/src/mars/hpss/HPSSReadHandle.cc:308 read1) (Input/output error err=-5 function=API_core_ReadFile request=ffe99db0ca761c4a83cd7d930a9da8d8)(RemoteException from Connector[mvr010,bods1-ag0510:9701]) [marsrd]
mars - WARN   - 20260807.232454 - Retry failure forever
mars - ERROR  - 20260807.232454 - Error code is -7776
mars - WARN   - 20260807.232454 - Sleeping 20 minutes
mars - INFO   - 20260807.234454 - Calling mars on 'marsrd-core', local port is 55219
mars - INFO   - 20260807.234454 - Callback at address 10.100.192.138, port 55219
mars - INFO   - 20260807.234456 - Mars client is on ac6-138.bullx (10.100.192.138) 55219
mars - INFO   - 20260807.234456 - Mars server is on 10.112.4.10 34593
mars - INFO   - 20260807.234456 - Server task is 7370 [marsrd]
mars - INFO   - 20260807.234456 - Request cost: 45,136 fields, 1.65557 Gbytes online, 20.365 Gbytes on 1 tape, nodes: hpss mvr011, libraries: ibmlib07_70 [marsrd]
mars - INFO   - 20260807.234456 - The efficiency of your requests in the last 12 hours is 27% [marsrd]
mars - INFO   - 20260807.234456 - Wind conversion requested by server
mars - ERROR  - 20260808.000323 - Mars server task finished in error
mars - ERROR  - 20260808.000323 - Double buffer error: Failed HPSS call: n = ::hpss_Read(fd_, buffer, size), path = /mars/prod/rd/7/marsrdoper/iyw7/fc.20220519.ml.20607758.20260726.125305, volume = F0363700 in  (/home/cloud-user/git/mars-hpss/src/mars/hpss/HPSSReadHandle.cc:308 read1) (Input/output error err=-5 function=API_core_ReadFile request=e4db1cba26d5e44da04f8f64e76253dc)(RemoteException from Connector[mvr009,bods1-ag0512:9701]) [marsrd]
mars - WARN   - 20260808.000323 - Retry failure forever
mars - ERROR  - 20260808.000323 - Error code is -7776
mars - WARN   - 20260808.000323 - Sleeping 20 minutes
mars - INFO   - 20260808.002323 - Calling mars on 'marsrd-core', local port is 35091
mars - INFO   - 20260808.002323 - Callback at address 10.100.192.138, port 35091
mars - INFO   - 20260808.002335 - Mars client is on ac6-138.bullx (10.100.192.138) 35091
mars - INFO   - 20260808.002335 - Mars server is on 10.112.4.10 47823
mars - INFO   - 20260808.002335 - Server task is 1258 [marsrd]
mars - INFO   - 20260808.002335 - Request cost: 45,136 fields, 1.65557 Gbytes online, 20.365 Gbytes on 1 tape, nodes: hpss mvr011, libraries: ibmlib07_70 [marsrd]
mars - INFO   - 20260808.002335 - The efficiency of your requests in the last 12 hours is 18% [marsrd]
mars - WARN   - 20260808.002335 - Please see https://confluence.ecmwf.int/x/rxRtD in order to improve the efficiency of your requests [marsrd]
mars - INFO   - 20260808.002336 - Wind conversion requested by server
mars - ERROR  - 20260808.004203 - Mars server task finished in error
mars - ERROR  - 20260808.004203 - Double buffer error: Failed HPSS call: n = ::hpss_Read(fd_, buffer, size), path = /mars/prod/rd/7/marsrdoper/iyw7/fc.20220519.ml.20607758.20260726.125305, volume = F0363700 in  (/home/cloud-user/git/mars-hpss/src/mars/hpss/HPSSReadHandle.cc:308 read1) (Input/output error err=-5 function=API_core_ReadFile request=2b357f90a65c1b4f84a63d13525c9515)(RemoteException from Connector[mvr008,bods1-ag0513:9701]) [marsrd]
mars - WARN   - 20260808.004203 - Retry failure forever
mars - ERROR  - 20260808.004203 - Error code is -7776
mars - WARN   - 20260808.004203 - Sleeping 20 minutes
mars - INFO   - 20260808.010203 - Calling mars on 'marsrd-core', local port is 51445
mars - INFO   - 20260808.010203 - Callback at address 10.100.192.138, port 51445
mars - INFO   - 20260808.010205 - Mars client is on ac6-138.bullx (10.100.192.138) 51445
mars - INFO   - 20260808.010205 - Mars server is on 10.112.4.10 46045
mars - INFO   - 20260808.010205 - Server task is 9955 [marsrd]
mars - INFO   - 20260808.010205 - Request cost: 45,136 fields, 1.65557 Gbytes online, 20.365 Gbytes on 1 tape, nodes: hpss mvr011, libraries: ibmlib07_70 [marsrd]
mars - INFO   - 20260808.010205 - The efficiency of your requests in the last 12 hours is 8% [marsrd]
mars - WARN   - 20260808.010205 - Please see https://confluence.ecmwf.int/x/rxRtD in order to improve the efficiency of your requests [marsrd]
mars - INFO   - 20260808.010205 - Wind conversion requested by server
mars - INFO   - 20260808.013725 - Transfering 23644369670 bytes
mars - INFO   - 20260808.013726 - ShToGridded: loading Legendre coefficients '/lus/h2resw01/cache/mir/legendre/4/local-T399-GaussianN400-OPT4189816c2e.leg'
mars - INFO   - 20260808.013745 - Deriving U and V from vorticity and divergence
mars - WARN   - 20260808.014901 - Visiting database marsrd : expected 59020, got 47450
mars - INFO   - 20260808.014901 - 47450 fields have been interpolated on 'ac6-138.bullx'
mars - ERROR  - 20260808.014901 - Last error is -43
mars - ERROR  - 20260808.014901 - Expected 59020, got 47450.
mars - ERROR  - 20260808.014901 - Request failed
mars - INFO   - 20260808.014901 - Request time:  wall: 11 hour 2 min 20 sec  cpu: 11 min 15 sec 
mars - INFO   - 20260808.014901 -   Read from network: 22.02 Gbyte(s) in 23 sec  [984.19 Mbyte/sec] 
mars - INFO   - 20260808.014901 -   Processing in marsrd: wall: 7 hour 42 min 43 sec 
mars - INFO   - 20260808.014901 -   Visiting marsrd: wall: 11 hour 2 min 20 sec 
mars - INFO   - 20260808.014901 -   Post-processing: wall: 8 min 52 sec cpu: 8 min 32 sec 
mars - INFO   - 20260808.014901 -   Writing to target file: 64.57 Mbyte(s) in 1 sec  [47.37 Mbyte/sec] cpu: 1 sec 
mars - INFO   - 20260808.014901 - Memory used: 137.96 Mbyte(s)
mars - ERROR  - 20260808.014901 - Some errors reported (last error -1)
grib_to_netcdf: Version 2.47.0
grib_to_netcdf: Processing input file 'mars_ml_ctrl_49r2b.grb'.
grib_to_netcdf: Found 47450 GRIB fields in 1 file.
grib_to_netcdf: Ignoring key(s): method, type, stream, refdate, hdate
grib_to_netcdf: Creating netCDF file 'iyw7_ctrl_49r2b_ml_20220519_12.nc'
grib_to_netcdf: NetCDF library version: 4.10.0 of Apr  9 2026 13:13:33 $
grib_to_netcdf: Creating large (64 bit) file format.
grib_to_netcdf: Defining variable 'crwc'.
grib_to_netcdf: Defining variable 'p82'.
grib_to_netcdf: Defining variable 'p83'.
grib_to_netcdf: Defining variable 'p84'.
grib_to_netcdf: Defining variable 'p85'.
grib_to_netcdf: Defining variable 'p86'.
grib_to_netcdf: Defining variable 'p87'.
grib_to_netcdf: Defining variable 'p88'.
grib_to_netcdf: Defining variable 'p89'.
grib_to_netcdf: Defining variable 'p90'.
grib_to_netcdf: Defining variable 'p91'.
grib_to_netcdf: Defining variable 'p92'.
grib_to_netcdf: Defining variable 'p93'.
grib_to_netcdf: Defining variable 'p94'.
grib_to_netcdf: Defining variable 'p95'.
grib_to_netcdf: Defining variable 'p96'.
grib_to_netcdf: Defining variable 'p97'.
grib_to_netcdf: Defining variable 'p98'.
grib_to_netcdf: Defining variable 'p99'.
grib_to_netcdf: Defining variable 'p100'.
grib_to_netcdf: Defining variable 'p101'.
grib_to_netcdf: Defining variable 'p102'.
grib_to_netcdf: Defining variable 'p103'.
grib_to_netcdf: Defining variable 'p104'.
grib_to_netcdf: Defining variable 'p105'.
grib_to_netcdf: Defining variable 'p106'.
grib_to_netcdf: Defining variable 'p107'.
grib_to_netcdf: Defining variable 'p108'.
grib_to_netcdf: Defining variable 'p109'.
grib_to_netcdf: Defining variable 'p110'.
grib_to_netcdf: Defining variable 'p111'.
grib_to_netcdf: Defining variable 't'.
grib_to_netcdf: Defining variable 'q'.
grib_to_netcdf: Defining variable 'w'.
grib_to_netcdf: Defining variable 'vo'.
grib_to_netcdf: Defining variable 'lnsp'.
grib_to_netcdf: Defining variable 'd'.
grib_to_netcdf: Defining variable 'u'.
grib_to_netcdf: Defining variable 'v'.
grib_to_netcdf: Defining variable 'clwc'.
grib_to_netcdf: Defining variable 'co2'.
grib_to_netcdf: Defining variable 'ch4'.
grib_to_netcdf: Done.
Model level selected
mars - WARN - 
mars - WARN - 
MIR environment variables:
MIR_CACHE_PATH=/lus/h2resw01/cache:{FILE?/ec/cache.1}/cache:{FILE?/ec/cache.2}/cache
MIR_LSM_NAMED=1km.climate.v013
Using MARS binary: /usr/local/apps/mars/versions/6.34.7.1/bin/mars.bin
mars - INFO   - 20260808.015156 - Welcome to MARS
mars - INFO   - 20260808.015156 - MARS_HOME=/usr/local/apps/mars/configs/prod
mars - INFO   - 20260808.015156 - MARS Client build stamp: 20260623091402
mars - INFO   - 20260808.015156 - MARS Client bundle version: 6.34.7.1
mars - INFO   - 20260808.015156 - package mars-client version: 6.34.7
mars - INFO   - 20260808.015156 - package mir version: 1.23.9
mars - INFO   - 20260808.015156 - package odc version: 1.6.3
mars - INFO   - 20260808.015156 - package fdb version: 5.21.4
mars - INFO   - 20260808.015156 - package metkit version: 1.18.3
mars - INFO   - 20260808.015156 - package eckit version: 2.0.8
mars - INFO   - 20260808.015156 - package eccodes version: 2.47.2
# First retrieve profiles
retrieve,
anoffset=9,
class=rd,
date=20220520,
expver=iyw7,
levelist=1/50/51/52/53/54/55/56/57/58/59/60/61/62/63/64/65/66/67/68/69/70/71/72/73/74/75/76/77/78/79/80/81/82/83/84/85/86/87/88/89/90/91/92/93/94/95/96/97/98/99/100/101/102/103/104/105/106/107/108/109/110/111/112/113/114/115/116/117/118/119/120/121/122/123/124/125/126/127/128/129/130/131/132/133/134/135/136/137,
levtype=ml,
param=75/82/83/84/85/86/87/88/89/90/91/92/93/94/95/96/97/98/99/100/101/102/103/104/105/106/107/108/109/110/111/130/131/132/133/135/138/152/155/246/162100/162101/162104/162105/162106/162107/162109/210061/210062/210123/210181/217026,
step=0/1/2/3/4/5/6/7/8/9/10/11/12,
stream=oper,
time=00:00:00,
type=fc,
grid=0.2/0.2,
area=52.5/4.8/51.5/5.8,
interpolation=grid-box-average,
target="mars_ml_ctrl_49r2b.grb"

mars - INFO   - 20260808.015156 - Processing request 1

RETRIEVE,
    CLASS      = RD,
    TYPE       = FC,
    STREAM     = OPER,
    EXPVER     = iyw7,
    REPRES     = SH,
    LEVTYPE    = ML,
    LEVELIST   = 1/50/51/52/53/54/55/56/57/58/59/60/61/62/63/64/65/66/67/68/69/70/71/72/73/74/75/76/77/78/79/80/81/82/83/84/85/86/87/88/89/90/91/92/93/94/95/96/97/98/99/100/101/102/103/104/105/106/107/108/109/110/111/112/113/114/115/116/117/118/119/120/121/122/123/124/125/126/127/128/129/130/131/132/133/134/135/136/137,
    PARAM      = 75/82/83/84/85/86/87/88/89/90/91/92/93/94/95/96/97/98/99/100/101/102/103/104/105/106/107/108/109/110/111/130/131/132/133/135/138/152/155/246/162100/162101/162104/162105/162106/162107/162109/210061/210062/210123/210181/217026,
    DATE       = 20220520,
    TIME       = 0000,
    STEP       = 0/1/2/3/4/5/6/7/8/9/10/11/12,
    DOMAIN     = G,
    TARGET     = "mars_ml_ctrl_49r2b.grb",
    RESOL      = AUTO,
    INTERPOLATION = GRID-BOX-AVERAGE,
    AREA       = 52.5/4.8/51.5/5.8,
    GRID       = 0.2/0.2

mars - INFO   - 20260808.015157 - Requesting 59020 fields
mars - INFO   - 20260808.015157 - FDB home /home/fdbprod
mars - INFO   - 20260808.015157 - Setting SO_SNDBUF to 33554432 (32.00 M)
mars - INFO   - 20260808.015157 - Current value is 32768 (32.00 K)
mars - INFO   - 20260808.015157 - Setting SO_RCVBUF to 33554432 (32.00 M)
mars - INFO   - 20260808.015157 - Current value is 43690 (42.67 K)
mars - INFO   - 20260808.015157 - Calling mars on 'marsrd-core', local port is 59661
mars - INFO   - 20260808.015157 - Callback at address 10.100.192.138, port 59661
mars - INFO   - 20260808.015205 - Mars client is on ac6-138.bullx (10.100.192.138) 59661
mars - INFO   - 20260808.015205 - Mars server is on 10.112.4.10 43615
mars - INFO   - 20260808.015205 - Server task is 8167 [marsrd]
mars - INFO   - 20260808.015205 - Request cost: 45,136 fields, 20.1953 Gbytes on 1 tape, nodes: hpss, libraries: ibmlib07_70 [marsrd]
mars - INFO   - 20260808.015205 - The efficiency of your requests in the last 12 hours is 8% [marsrd]
mars - WARN   - 20260808.015205 - Please see https://confluence.ecmwf.int/x/rxRtD in order to improve the efficiency of your requests [marsrd]
mars - INFO   - 20260808.015210 - Wind conversion requested by server
mars - INFO   - 20260808.021538 - Transfering 21684566741 bytes
mars - INFO   - 20260808.021539 - ShToGridded: loading Legendre coefficients '/lus/h2resw01/cache/mir/legendre/4/local-T399-GaussianN400-OPT4189816c2e.leg'
mars - INFO   - 20260808.021539 - Deriving U and V from vorticity and divergence
mars - WARN   - 20260808.022631 - Visiting database marsrd : expected 59020, got 47450
mars - INFO   - 20260808.022631 - 47450 fields have been interpolated on 'ac6-138.bullx'
mars - ERROR  - 20260808.022631 - Last error is -43
mars - ERROR  - 20260808.022631 - Expected 59020, got 47450.
mars - ERROR  - 20260808.022631 - Request failed
mars - INFO   - 20260808.022631 - Request time:  wall: 34 min 35 sec  cpu: 10 min 50 sec 
mars - INFO   - 20260808.022631 -   Read from network: 20.20 Gbyte(s) in 21 sec  [1003.94 Mbyte/sec] 
mars - INFO   - 20260808.022631 -   Processing in marsrd: wall: 23 min 41 sec 
mars - INFO   - 20260808.022631 -   Visiting marsrd: wall: 34 min 34 sec 
mars - INFO   - 20260808.022631 -   Post-processing: wall: 8 min 15 sec cpu: 8 min 13 sec 
mars - INFO   - 20260808.022631 -   Writing to target file: 64.05 Mbyte(s) in 1 sec  [49.99 Mbyte/sec] cpu: 1 sec 
mars - INFO   - 20260808.022631 - Memory used: 141.40 Mbyte(s)
mars - ERROR  - 20260808.022631 - Some errors reported (last error -1)
grib_to_netcdf: Version 2.47.0
grib_to_netcdf: Processing input file 'mars_ml_ctrl_49r2b.grb'.
grib_to_netcdf: Found 47450 GRIB fields in 1 file.
grib_to_netcdf: Ignoring key(s): method, type, stream, refdate, hdate
grib_to_netcdf: Creating netCDF file 'iyw7_ctrl_49r2b_ml_20220520_0.nc'
grib_to_netcdf: NetCDF library version: 4.10.0 of Apr  9 2026 13:13:33 $
grib_to_netcdf: Creating large (64 bit) file format.
grib_to_netcdf: Defining variable 'crwc'.
grib_to_netcdf: Defining variable 'p82'.
grib_to_netcdf: Defining variable 'p83'.
grib_to_netcdf: Defining variable 'p84'.
grib_to_netcdf: Defining variable 'p85'.
grib_to_netcdf: Defining variable 'p86'.
grib_to_netcdf: Defining variable 'p87'.
grib_to_netcdf: Defining variable 'p88'.
grib_to_netcdf: Defining variable 'p89'.
grib_to_netcdf: Defining variable 'p90'.
grib_to_netcdf: Defining variable 'p91'.
grib_to_netcdf: Defining variable 'p92'.
grib_to_netcdf: Defining variable 'p93'.
grib_to_netcdf: Defining variable 'p94'.
grib_to_netcdf: Defining variable 'p95'.
grib_to_netcdf: Defining variable 'p96'.
grib_to_netcdf: Defining variable 'p97'.
grib_to_netcdf: Defining variable 'p98'.
grib_to_netcdf: Defining variable 'p99'.
grib_to_netcdf: Defining variable 'p100'.
grib_to_netcdf: Defining variable 'p101'.
grib_to_netcdf: Defining variable 'p102'.
grib_to_netcdf: Defining variable 'p103'.
grib_to_netcdf: Defining variable 'p104'.
grib_to_netcdf: Defining variable 'p105'.
grib_to_netcdf: Defining variable 'p106'.
grib_to_netcdf: Defining variable 'p107'.
grib_to_netcdf: Defining variable 'p108'.
grib_to_netcdf: Defining variable 'p109'.
grib_to_netcdf: Defining variable 'p110'.
grib_to_netcdf: Defining variable 'p111'.
grib_to_netcdf: Defining variable 't'.
grib_to_netcdf: Defining variable 'q'.
grib_to_netcdf: Defining variable 'w'.
grib_to_netcdf: Defining variable 'vo'.
grib_to_netcdf: Defining variable 'lnsp'.
grib_to_netcdf: Defining variable 'd'.
grib_to_netcdf: Defining variable 'u'.
grib_to_netcdf: Defining variable 'v'.
grib_to_netcdf: Defining variable 'clwc'.
grib_to_netcdf: Defining variable 'co2'.
grib_to_netcdf: Defining variable 'ch4'.
grib_to_netcdf: Done.
Model level selected
mars - WARN - 
mars - WARN - 
MIR environment variables:
MIR_CACHE_PATH=/lus/h2resw01/cache:{FILE?/ec/cache.1}/cache:{FILE?/ec/cache.2}/cache
MIR_LSM_NAMED=1km.climate.v013
Using MARS binary: /usr/local/apps/mars/versions/6.34.7.1/bin/mars.bin
mars - INFO   - 20260808.022918 - Welcome to MARS
mars - INFO   - 20260808.022918 - MARS_HOME=/usr/local/apps/mars/configs/prod
mars - INFO   - 20260808.022918 - MARS Client build stamp: 20260623091402
mars - INFO   - 20260808.022918 - MARS Client bundle version: 6.34.7.1
mars - INFO   - 20260808.022918 - package mars-client version: 6.34.7
mars - INFO   - 20260808.022918 - package mir version: 1.23.9
mars - INFO   - 20260808.022918 - package odc version: 1.6.3
mars - INFO   - 20260808.022918 - package fdb version: 5.21.4
mars - INFO   - 20260808.022918 - package metkit version: 1.18.3
mars - INFO   - 20260808.022918 - package eckit version: 2.0.8
mars - INFO   - 20260808.022918 - package eccodes version: 2.47.2
# First retrieve profiles
retrieve,
anoffset=9,
class=rd,
date=20220520,
expver=iyw7,
levelist=1/50/51/52/53/54/55/56/57/58/59/60/61/62/63/64/65/66/67/68/69/70/71/72/73/74/75/76/77/78/79/80/81/82/83/84/85/86/87/88/89/90/91/92/93/94/95/96/97/98/99/100/101/102/103/104/105/106/107/108/109/110/111/112/113/114/115/116/117/118/119/120/121/122/123/124/125/126/127/128/129/130/131/132/133/134/135/136/137,
levtype=ml,
param=75/82/83/84/85/86/87/88/89/90/91/92/93/94/95/96/97/98/99/100/101/102/103/104/105/106/107/108/109/110/111/130/131/132/133/135/138/152/155/246/162100/162101/162104/162105/162106/162107/162109/210061/210062/210123/210181/217026,
step=12/13/14/15/16/17/18/19/20/21/22/23/24,
stream=oper,
time=00:00:00,
type=fc,
grid=0.2/0.2,
area=52.5/4.8/51.5/5.8,
interpolation=grid-box-average,
target="mars_ml_ctrl_49r2b.grb"

mars - INFO   - 20260808.022918 - Processing request 1

RETRIEVE,
    CLASS      = RD,
    TYPE       = FC,
    STREAM     = OPER,
    EXPVER     = iyw7,
    REPRES     = SH,
    LEVTYPE    = ML,
    LEVELIST   = 1/50/51/52/53/54/55/56/57/58/59/60/61/62/63/64/65/66/67/68/69/70/71/72/73/74/75/76/77/78/79/80/81/82/83/84/85/86/87/88/89/90/91/92/93/94/95/96/97/98/99/100/101/102/103/104/105/106/107/108/109/110/111/112/113/114/115/116/117/118/119/120/121/122/123/124/125/126/127/128/129/130/131/132/133/134/135/136/137,
    PARAM      = 75/82/83/84/85/86/87/88/89/90/91/92/93/94/95/96/97/98/99/100/101/102/103/104/105/106/107/108/109/110/111/130/131/132/133/135/138/152/155/246/162100/162101/162104/162105/162106/162107/162109/210061/210062/210123/210181/217026,
    DATE       = 20220520,
    TIME       = 0000,
    STEP       = 12/13/14/15/16/17/18/19/20/21/22/23/24,
    DOMAIN     = G,
    TARGET     = "mars_ml_ctrl_49r2b.grb",
    RESOL      = AUTO,
    INTERPOLATION = GRID-BOX-AVERAGE,
    AREA       = 52.5/4.8/51.5/5.8,
    GRID       = 0.2/0.2

mars - INFO   - 20260808.022918 - Requesting 59020 fields
mars - INFO   - 20260808.022918 - FDB home /home/fdbprod
mars - INFO   - 20260808.022918 - Setting SO_SNDBUF to 33554432 (32.00 M)
mars - INFO   - 20260808.022918 - Current value is 32768 (32.00 K)
mars - INFO   - 20260808.022918 - Setting SO_RCVBUF to 33554432 (32.00 M)
mars - INFO   - 20260808.022918 - Current value is 43690 (42.67 K)
mars - INFO   - 20260808.022918 - Calling mars on 'marsrd-core', local port is 58353
mars - INFO   - 20260808.022919 - Callback at address 10.100.192.138, port 58353
mars - INFO   - 20260808.023059 - Mars client is on ac6-138.bullx (10.100.192.138) 58353
mars - INFO   - 20260808.023059 - Mars server is on 10.112.4.10 44489
mars - INFO   - 20260808.023059 - Server task is 5932 [marsrd]
mars - INFO   - 20260808.023059 - Request cost: 45,136 fields, 1.66447 Gbytes online, 20.4473 Gbytes on 1 tape, nodes: hpss mvr004, libraries: ibmlib07_70 [marsrd]
mars - INFO   - 20260808.023059 - The efficiency of your requests in the last 12 hours is 6% [marsrd]
mars - WARN   - 20260808.023059 - Please see https://confluence.ecmwf.int/x/rxRtD in order to improve the efficiency of your requests [marsrd]
mars - INFO   - 20260808.023120 - Wind conversion requested by server
mars - INFO   - 20260808.023445 - Transfering 23742342726 bytes
mars - INFO   - 20260808.023447 - ShToGridded: loading Legendre coefficients '/lus/h2resw01/cache/mir/legendre/4/local-T399-GaussianN400-OPT4189816c2e.leg'
mars - INFO   - 20260808.023447 - Deriving U and V from vorticity and divergence
mars - WARN   - 20260808.024557 - Visiting database marsrd : expected 59020, got 47450
mars - INFO   - 20260808.024557 - 47450 fields have been interpolated on 'ac6-138.bullx'
mars - ERROR  - 20260808.024557 - Last error is -43
mars - ERROR  - 20260808.024557 - Expected 59020, got 47450.
mars - ERROR  - 20260808.024557 - Request failed
mars - INFO   - 20260808.024557 - Request time:  wall: 16 min 39 sec  cpu: 11 min 8 sec 
mars - INFO   - 20260808.024557 -   Read from network: 22.11 Gbyte(s) in 22 sec  [1009.44 Mbyte/sec] 
mars - INFO   - 20260808.024557 -   Processing in marsrd: wall: 5 min 27 sec 
mars - INFO   - 20260808.024557 -   Visiting marsrd: wall: 16 min 39 sec 
mars - INFO   - 20260808.024557 -   Post-processing: wall: 8 min 31 sec cpu: 8 min 29 sec 
mars - INFO   - 20260808.024557 -   Writing to target file: 64.59 Mbyte(s) in 1 sec  [48.58 Mbyte/sec] cpu: 1 sec 
mars - INFO   - 20260808.024557 - Memory used: 140.15 Mbyte(s)
mars - ERROR  - 20260808.024557 - Some errors reported (last error -1)
grib_to_netcdf: Version 2.47.0
grib_to_netcdf: Processing input file 'mars_ml_ctrl_49r2b.grb'.
grib_to_netcdf: Found 47450 GRIB fields in 1 file.
grib_to_netcdf: Ignoring key(s): method, type, stream, refdate, hdate
grib_to_netcdf: Creating netCDF file 'iyw7_ctrl_49r2b_ml_20220520_12.nc'
grib_to_netcdf: NetCDF library version: 4.10.0 of Apr  9 2026 13:13:33 $
grib_to_netcdf: Creating large (64 bit) file format.
grib_to_netcdf: Defining variable 'crwc'.
grib_to_netcdf: Defining variable 'p82'.
grib_to_netcdf: Defining variable 'p83'.
grib_to_netcdf: Defining variable 'p84'.
grib_to_netcdf: Defining variable 'p85'.
grib_to_netcdf: Defining variable 'p86'.
grib_to_netcdf: Defining variable 'p87'.
grib_to_netcdf: Defining variable 'p88'.
grib_to_netcdf: Defining variable 'p89'.
grib_to_netcdf: Defining variable 'p90'.
grib_to_netcdf: Defining variable 'p91'.
grib_to_netcdf: Defining variable 'p92'.
grib_to_netcdf: Defining variable 'p93'.
grib_to_netcdf: Defining variable 'p94'.
grib_to_netcdf: Defining variable 'p95'.
grib_to_netcdf: Defining variable 'p96'.
grib_to_netcdf: Defining variable 'p97'.
grib_to_netcdf: Defining variable 'p98'.
grib_to_netcdf: Defining variable 'p99'.
grib_to_netcdf: Defining variable 'p100'.
grib_to_netcdf: Defining variable 'p101'.
grib_to_netcdf: Defining variable 'p102'.
grib_to_netcdf: Defining variable 'p103'.
grib_to_netcdf: Defining variable 'p104'.
grib_to_netcdf: Defining variable 'p105'.
grib_to_netcdf: Defining variable 'p106'.
grib_to_netcdf: Defining variable 'p107'.
grib_to_netcdf: Defining variable 'p108'.
grib_to_netcdf: Defining variable 'p109'.
grib_to_netcdf: Defining variable 'p110'.
grib_to_netcdf: Defining variable 'p111'.
grib_to_netcdf: Defining variable 't'.
grib_to_netcdf: Defining variable 'q'.
grib_to_netcdf: Defining variable 'w'.
grib_to_netcdf: Defining variable 'vo'.
grib_to_netcdf: Defining variable 'lnsp'.
grib_to_netcdf: Defining variable 'd'.
grib_to_netcdf: Defining variable 'u'.
grib_to_netcdf: Defining variable 'v'.
grib_to_netcdf: Defining variable 'clwc'.
grib_to_netcdf: Defining variable 'co2'.
grib_to_netcdf: Defining variable 'ch4'.
grib_to_netcdf: Done.
python_scripts/processing_IFS/scripts/mars_ghg_fc_automated: line 209: _srf_ctrl_49r2b.grb: command not found
python_scripts/processing_IFS/scripts/mars_ghg_fc_automated: line 210: syntax error near unexpected token `fi'
python_scripts/processing_IFS/scripts/mars_ghg_fc_automated: line 210: `      fi'
